id,localDate,localTime,gmtDate,gmtTime,lat,long,temp,extTemp,act,trueSpeed,dir,alt,cov,hdop,dist,count
1SAT31,26/10/2011,12:04:37 AM,25/10/2011,4:04:37 PM,5.416322,118.034654,24.5,0.42,347,5.2cd,0,1.6,0,1,,
2SAT31,26/10/2011,8:05:08 AM,26/10/2011,12:05:08 AM,5.437163,118.111101,25.5,12.8,318,6.0cd,5,11.2,8784,2,,
3SAT31,27/10/2011,8:05:24 AM,27/10/2011,12:05:24 AM,5.474478,118.122076,27,0.81,53,21.1c,2,2.98,4328,3,,
4SAT31,28/10/2011,12:05:08 AM,27/10/2011,4:05:08 PM,5.45555,118.185365,28,0.66,3.9,d4.4c,5,2.16,7323,4,,
5SAT31,28/10/2011,12:05:08 AM,27/10/2011,4:05:08 PM,5.45555,118.185365,28,0.66,3.9,d4.4c,5,2.16,0,5,,
6SAT31,28/10/2011,12:07:53 PM,28/10/2011,4:07:53 AM,5.471788,118.217887,31.5,0.08,0,66.6c,2,2.48,4032,6,,
7SAT31,28/10/2011,4:04:37 PM,28/10/2011,8:04:37 AM,5.482455,118.236171,32.5,0.55,32,7.0cd,5,2.87,2348,7,,
8SAT31,28/10/2011,8:04:37 PM,28/10/2011,12:04:37 PM,5.481634,118.24306,29,0.41,5.5,d30.0,5,7.47,769,8,,
9SAT31,29/10/2011,12:06:29 AM,28/10/2011,4:06:29 PM,5.482939,118.238432,29,0.02,341,d35.1,5,2.24,533,9,,
10SAT31,29/10/2011,4:05:35 AM,28/10/2011,8:05:35 PM,5.481789,118.240462,28,0.02,0,34.5c,5,3.48,259,10,,
11SAT31,29/10/2011,12:05:05 PM,29/10/2011,4:05:05 AM,5.483243,118.250685,32.5,3.03,21,24.8c,0,1.66,1144,11,,
12SAT31,29/10/2011,4:06:56 PM,29/10/2011,8:06:56 AM,5.478731,118.251284,30,0.65,21,d51.0,0,2.41,507,12,,
13SAT31,30/10/2011,4:07:00 AM,29/10/2011,8:07:00 PM,5.479651,118.265908,28.5,0,713,5f975,0,0,1624,13,,
14SAT31,30/10/2011,4:07:05 AM,29/10/2011,8:07:05 PM,5.479652,118.265907,28,1.74,80,d52.1,3,2.9,0,14,,
15SAT31,30/10/2011,12:04:00 PM,30/10/2011,4:04:00 AM,5.485028,118.261006,30,0,713,5f975,3,0,808,15,,
16SAT31,30/10/2011,12:04:59 PM,30/10/2011,4:04:59 AM,5.485028,118.261006,33,1.05,272,d53.8,5,8.89,0,16,,
17SAT31,30/10/2011,8:04:37 PM,30/10/2011,12:04:37 PM,5.4907,118.271278,28.5,0.53,13,7.2cd,5,1.31,1302,17,,
18SAT31,31/10/2011,12:04:37 AM,30/10/2011,4:04:37 PM,5.490914,118.270711,27.5,0.12,335,7.3cd,5,1.58,67,18,,
19SAT31,31/10/2011,4:04:37 AM,30/10/2011,8:04:37 PM,5.491576,118.271693,27.5,0.23,26,32.9c,4,2.23,131,19,,
20SAT31,31/10/2011,8:08:05 AM,31/10/2011,12:08:05 AM,5.495261,118.26812,28.5,0.27,304,30.4c,1,2.45,570,20,,
21SAT31,31/10/2011,12:06:05 PM,31/10/2011,4:06:05 AM,5.495153,118.269061,31,2.58,104,d14.1,0,1.56,105,21,,
22SAT31,31/10/2011,4:04:37 PM,31/10/2011,8:04:37 AM,5.484433,118.283905,33.5,0.63,347,21.3c,2,6.13,2032,22,,
23SAT31,31/10/2011,8:05:05 PM,31/10/2011,12:05:05 PM,5.490526,118.289935,30,2.04,75,21.3c,5,2.54,952,23,,
24SAT31,01/11/2011,12:04:37 AM,31/10/2011,4:04:37 PM,5.488241,118.292945,29,0.56,358,16.0c,5,1.4,419,24,,
25SAT31,01/11/2011,4:06:23 AM,31/10/2011,8:06:23 PM,5.487085,118.293086,28.5,0.02,48,15.1c,5,2.22,130,25,,
26SAT31,01/11/2011,8:05:05 AM,01/11/2011,12:05:05 AM,5.489097,118.290303,29,0.74,58,15.0c,5,2.27,381,26,,
27SAT31,01/11/2011,4:04:37 PM,01/11/2011,8:04:37 AM,5.492545,118.287904,33.5,0.11,355,18.9c,5,1.39,467,27,,
28SAT31,01/11/2011,8:05:23 PM,01/11/2011,12:05:23 PM,5.491204,118.289801,30,0.12,352,17.3c,5,3.55,258,28,,
29SAT31,02/11/2011,8:04:37 AM,02/11/2011,12:04:37 AM,5.491148,118.289484,29,0.76,22,10.5c,5,1.05,36,29,,
30SAT31,02/11/2011,12:04:37 PM,02/11/2011,4:04:37 AM,5.490348,118.29186,31.5,0.35,6.4,16.9c,5,1.27,278,30,,
31SAT31,02/11/2011,4:04:37 PM,02/11/2011,8:04:37 AM,5.492617,118.287995,33.5,0.21,4.9,19.7c,5,1.31,497,31,,
32SAT31,02/11/2011,8:05:05 PM,02/11/2011,12:05:05 PM,5.49571,118.28279,30.5,0.15,352,19.3c,5,1.37,672,32,,
33SAT31,03/11/2011,12:05:53 AM,02/11/2011,4:05:53 PM,5.495734,118.282632,29.5,0.29,128,18.6c,5,3.75,18,33,,
34SAT31,03/11/2011,4:04:59 PM,03/11/2011,8:04:59 AM,5.50346,118.294896,31.5,0.29,340,15.5c,5,3.12,1608,34,,
35SAT31,03/11/2011,8:06:08 PM,03/11/2011,12:06:08 PM,5.510433,118.302016,29.5,0.83,4.5,85.1c,4,5.53,1107,35,,
36SAT31,04/11/2011,12:04:37 AM,03/11/2011,4:04:37 PM,5.500301,118.313121,28.5,0.5,338,22.4c,3,3.13,1669,36,,
37SAT31,04/11/2011,12:04:37 AM,03/11/2011,4:04:37 PM,5.500301,118.313121,28.5,0.5,338,22.4c,3,3.13,0,37,,
38SAT31,04/11/2011,4:05:05 AM,03/11/2011,8:05:05 PM,5.50803,118.308774,28,0.02,343,37.8c,3,9.26,986,38,,
39SAT31,04/11/2011,8:06:35 AM,04/11/2011,12:06:35 AM,5.510936,118.310452,28.5,0.67,358,36.8c,5,2.11,373,39,,
40SAT31,04/11/2011,4:05:05 PM,04/11/2011,8:05:05 AM,5.540952,118.30949,30.5,2.49,8.6,9.2cd,3,1.96,3343,40,,
41SAT31,04/11/2011,8:05:05 PM,04/11/2011,12:05:05 PM,5.558379,118.329531,30,0.69,142,8.4cd,5,2.2,2949,41,,
42SAT31,05/11/2011,12:05:01 AM,04/11/2011,4:05:01 PM,5.55882,118.33077,29.5,0.62,4.9,9.1cd,5,2,146,42,,
43SAT31,05/11/2011,8:04:59 AM,05/11/2011,12:04:59 AM,5.561984,118.335254,28.5,0.5,325,9.1cd,0,6.66,609,43,,
44SAT31,05/11/2011,8:04:53 PM,05/11/2011,12:04:53 PM,5.596962,118.320883,28.5,0.02,100,15.7c,5,2.93,4207,44,,
45SAT31,06/11/2011,12:04:37 AM,05/11/2011,4:04:37 PM,5.603415,118.324488,28,0.24,356,16.3c,5,1.17,822,45,,
46SAT31,06/11/2011,4:04:55 AM,05/11/2011,8:04:55 PM,5.603496,118.324509,28.5,0.74,353,3.2cd,0,2.13,9,46,,
47SAT31,06/11/2011,4:04:37 PM,06/11/2011,8:04:37 AM,5.603213,118.324639,34.5,0.48,6.3,11.9c,5,2,35,47,,
48SAT31,06/11/2011,8:04:37 PM,06/11/2011,12:04:37 PM,5.604269,118.325707,30,0.04,15,1.1cd,5,1.22,167,48,,
49SAT31,07/11/2011,4:05:07 AM,06/11/2011,8:05:07 PM,5.612833,118.332693,28,0.73,5.2,6.5cd,2,16.3,1228,49,,
50SAT31,07/11/2011,8:05:29 AM,07/11/2011,12:05:29 AM,5.606299,118.337547,28,1.37,321,22.4c,4,1.87,904,50,,
51SAT31,07/11/2011,8:04:53 PM,07/11/2011,12:04:53 PM,5.621117,118.360876,29,0.03,300,10.4c,1,2.23,3066,51,,
52SAT31,08/11/2011,12:04:37 AM,07/11/2011,4:04:37 PM,5.621798,118.362775,29,0.17,352,9.0cd,5,2.67,224,52,,
53SAT31,08/11/2011,8:04:37 AM,08/11/2011,12:04:37 AM,5.620435,118.357692,30,0.13,7.8,120.8,5,11.6,583,53,,
54SAT31,08/11/2011,12:05:23 PM,08/11/2011,4:05:23 AM,5.627204,118.369323,33.5,0.3,3.1,27.8c,0,2.07,1493,54,,
55SAT31,09/11/2011,12:04:38 AM,08/11/2011,4:04:38 PM,5.644911,118.36827,28.5,0.73,11,30.0c,5,5.32,1975,55,,
56SAT31,09/11/2011,8:05:35 PM,09/11/2011,12:05:35 PM,5.607392,118.351357,30,0.44,355,19.3c,3,1.04,4578,56,,
57SAT31,10/11/2011,4:05:23 AM,09/11/2011,8:05:23 PM,5.61155,118.350375,30,0.21,71,17.9c,2,3,475,57,,
58SAT31,10/11/2011,8:06:23 AM,10/11/2011,12:06:23 AM,5.608215,118.350939,30,0.13,49,17.6c,1,4.91,376,58,,
59SAT31,10/11/2011,8:04:37 PM,10/11/2011,12:04:37 PM,5.584114,118.331855,28,0.1,20,21.6c,1,1.05,3416,59,,
60SAT31,11/11/2011,4:04:53 AM,10/11/2011,8:04:53 PM,5.596399,118.33984,28,0.01,340,27.1c,0,1.52,1629,60,,
61SAT31,11/11/2011,8:04:37 PM,11/11/2011,12:04:37 PM,5.641879,118.343181,28.5,0.36,357,d3.8c,1,4.71,5076,61,,
62SAT31,12/11/2011,12:07:23 PM,12/11/2011,4:07:23 AM,5.660018,118.375446,34,6.96,280,d35.9,0,12.1,4105,62,,
63SAT31,12/11/2011,4:04:37 PM,12/11/2011,8:04:37 AM,5.662422,118.385678,32,0.62,12,17.8c,1,3.91,1165,63,,
64SAT31,12/11/2011,8:04:37 PM,12/11/2011,12:04:37 PM,5.672938,118.392904,29.5,1.29,12,32.3c,4,4.65,1418,64,,
65SAT31,13/11/2011,12:04:37 AM,12/11/2011,4:04:37 PM,5.67429,118.392586,28.5,0.81,5.1,13.5c,1,0.9,154,65,,
66SAT31,13/11/2011,8:07:35 AM,13/11/2011,12:07:35 AM,5.66916,118.399406,28.5,0.06,217,1.3cd,3,11.8,947,66,,
67SAT31,13/11/2011,8:04:55 PM,13/11/2011,12:04:55 PM,5.685655,118.380486,29,0.15,350,10.3c,1,1.34,2786,67,,
68SAT31,14/11/2011,12:04:53 AM,13/11/2011,4:04:53 PM,5.684046,118.378714,28,0.11,0,6.4cd,5,1.4,266,68,,
69SAT31,14/11/2011,8:06:59 AM,14/11/2011,12:06:59 AM,5.675928,118.385246,28.5,0.74,173,6.8cd,0,9.33,1158,69,,
70SAT31,14/11/2011,12:05:53 PM,14/11/2011,4:05:53 AM,5.67596,118.385867,30.5,1.39,16,6.2cd,0,2.38,69,70,,
71SAT31,14/11/2011,4:04:37 PM,14/11/2011,8:04:37 AM,5.683262,118.379016,30.5,0.17,346,17.2c,3,1.71,1112,71,,
72SAT31,14/11/2011,8:04:37 PM,14/11/2011,12:04:37 PM,5.685487,118.380291,29.5,0.46,344,6.5cd,5,1.18,285,72,,
73SAT31,15/11/2011,12:04:53 AM,14/11/2011,4:04:53 PM,5.683162,118.385691,29,0.14,194,5.4cd,1,4.54,652,73,,
74SAT31,15/11/2011,4:04:37 AM,14/11/2011,8:04:37 PM,5.682703,118.387226,29,0.57,3.6,10.8c,1,2.09,178,74,,
75SAT31,15/11/2011,8:06:35 PM,15/11/2011,12:06:35 PM,5.68238,118.388084,30,0.37,14,16.3c,0,1.07,102,75,,
76SAT31,16/11/2011,12:05:08 AM,15/11/2011,4:05:08 PM,5.685215,118.394768,29,1.3,346,1.6cd,1,3.23,805,76,,
77SAT31,16/11/2011,8:04:37 AM,16/11/2011,12:04:37 AM,5.689313,118.394236,29.5,1,12,d0.6c,2,3.49,460,77,,
78SAT31,16/11/2011,12:04:37 PM,16/11/2011,4:04:37 AM,5.688198,118.394857,34,1.05,4.8,12.6c,5,1.21,142,78,,
79SAT31,16/11/2011,4:04:37 PM,16/11/2011,8:04:37 AM,5.68838,118.3952,35,0.29,3.6,4.0cd,5,1.92,43,79,,
80SAT31,16/11/2011,8:04:37 PM,16/11/2011,12:04:37 PM,5.691017,118.393513,30,0.59,1.4,d2.3c,5,1.29,348,80,,
81SAT31,17/11/2011,12:04:37 AM,16/11/2011,4:04:37 PM,5.690458,118.393753,29,0.39,10,14.1c,5,1.14,68,81,,
82SAT31,17/11/2011,4:04:37 AM,16/11/2011,8:04:37 PM,5.689113,118.394825,27.5,0.34,4.8,d4.2c,2,1.91,191,82,,
83SAT31,17/11/2011,8:05:05 AM,17/11/2011,12:05:05 AM,5.686519,118.395113,28,0.14,33,d19.8,5,4.9,290,83,,
84SAT31,17/11/2011,4:04:37 PM,17/11/2011,8:04:37 AM,5.69186,118.39498,34,0.53,5.3,7.5cd,5,1.29,595,84,,
85SAT31,17/11/2011,8:06:05 PM,17/11/2011,12:06:05 PM,5.695431,118.394252,30,0.48,11,7.1cd,5,1.42,406,85,,
86SAT31,18/11/2011,12:04:37 AM,17/11/2011,4:04:37 PM,5.697866,118.393966,29,0.31,3.7,11.6c,5,1.13,273,86,,
87SAT31,18/11/2011,4:05:05 AM,17/11/2011,8:05:05 PM,5.699629,118.391655,28,0.01,0,11.9c,2,1.54,323,87,,
88SAT31,18/11/2011,8:04:37 AM,18/11/2011,12:04:37 AM,5.701131,118.392428,29,0.92,12,d12.3,5,3.9,188,88,,
89SAT31,18/11/2011,12:05:37 PM,18/11/2011,4:05:37 AM,5.70525,118.393959,28.5,0.89,4.3,8.8cd,4,5.71,489,89,,
90SAT31,18/11/2011,4:04:37 PM,18/11/2011,8:04:37 AM,5.703241,118.394233,30.5,0.75,1.3,7.2cd,5,2.09,226,90,,
91SAT31,18/11/2011,8:06:01 PM,18/11/2011,12:06:01 PM,5.707918,118.397084,30,3.6,257,4.0cd,5,1.38,609,91,,
92SAT31,19/11/2011,4:04:37 AM,18/11/2011,8:04:37 PM,5.706877,118.3959,29,0.46,359,17.9c,0,1.4,175,92,,
93SAT31,19/11/2011,8:04:37 AM,19/11/2011,12:04:37 AM,5.703635,118.394149,32.5,0.02,350,d5.9c,5,1.97,410,93,,
94SAT31,19/11/2011,12:05:05 PM,19/11/2011,4:05:05 AM,5.696658,118.38934,32.5,0.2,77,d5.5c,4,9.43,942,94,,
95SAT31,19/11/2011,4:04:59 PM,19/11/2011,8:04:59 AM,5.703478,118.394178,34,0.86,331,d0.6c,5,3.63,929,95,,
96SAT31,19/11/2011,8:04:37 PM,19/11/2011,12:04:37 PM,5.701797,118.396381,29.5,1.05,40,d1.6c,5,1.19,308,96,,
97SAT31,20/11/2011,12:04:37 AM,19/11/2011,4:04:37 PM,5.699612,118.393345,28,0.32,344,14.3c,5,2.35,415,97,,
98SAT31,20/11/2011,4:04:37 PM,20/11/2011,8:04:37 AM,5.695973,118.391079,33.5,0.28,7.8,2.5cd,5,1.08,477,98,,
99SAT31,20/11/2011,8:04:37 PM,20/11/2011,12:04:37 PM,5.691357,118.393328,30,0.53,342,10.4c,5,0.83,571,99,,
100SAT31,21/11/2011,12:04:37 AM,20/11/2011,4:04:37 PM,5.689842,118.396233,28,0.57,8.5,9.8cd,5,1.41,363,100,,
101SAT31,21/11/2011,4:04:37 AM,20/11/2011,8:04:37 PM,5.684095,118.396225,28,0.97,332,9.1cd,4,0.92,640,101,,
102SAT31,21/11/2011,8:04:37 AM,21/11/2011,12:04:37 AM,5.683389,118.395989,29,1.62,340,3.4cd,5,1.07,83,102,,
103SAT31,21/11/2011,12:05:53 PM,21/11/2011,4:05:53 AM,5.679709,118.390311,32.5,1.76,243,4.5cd,5,2.29,751,103,,
104SAT31,21/11/2011,4:04:37 PM,21/11/2011,8:04:37 AM,5.677807,118.392903,31.5,0.19,3.1,11.8c,5,1.27,357,104,,
105SAT31,22/11/2011,8:04:37 AM,22/11/2011,12:04:37 AM,5.652019,118.386532,28.5,0.63,356,11.4c,1,2.42,2956,105,,
106SAT31,22/11/2011,12:05:35 PM,22/11/2011,4:05:35 AM,5.656153,118.374691,30,0.56,71,51.0c,5,2.7,1390,106,,
107SAT31,22/11/2011,4:04:37 PM,22/11/2011,8:04:37 AM,5.658097,118.372564,31,0.93,352,1.3cd,5,1.22,320,107,,
108SAT31,22/11/2011,8:05:53 PM,22/11/2011,12:05:53 PM,5.64859,118.370585,29.5,0.03,279,1.5cd,1,1.91,1081,108,,
109SAT31,23/11/2011,12:04:37 AM,22/11/2011,4:04:37 PM,5.645937,118.369561,28.5,0.23,15,13.4c,1,2.7,316,109,,
110SAT31,23/11/2011,4:05:01 AM,22/11/2011,8:05:01 PM,5.646278,118.369185,28,0.51,354,2.7cd,5,2.61,56,110,,
111SAT31,23/11/2011,8:04:37 AM,23/11/2011,12:04:37 AM,5.64737,118.371092,28,0.89,339,d6.8c,5,3.64,244,111,,
112SAT31,23/11/2011,12:04:53 PM,23/11/2011,4:04:53 AM,5.64702,118.37143,30,0.16,326,d5.3c,5,3.94,54,112,,
113SAT31,23/11/2011,4:04:37 PM,23/11/2011,8:04:37 AM,5.640472,118.359028,32,0.2,7.3,d1.1c,5,1.44,1555,113,,
114SAT31,23/11/2011,8:06:59 PM,23/11/2011,12:06:59 PM,5.636858,118.370228,30,1.68,333,3.7cd,5,1.24,1304,114,,
115SAT31,24/11/2011,4:06:03 PM,24/11/2011,8:06:03 AM,5.618311,118.357209,29,0.55,94,5.2cd,0,1.7,2518,115,,
116SAT31,24/11/2011,8:04:37 PM,24/11/2011,12:04:37 PM,5.615471,118.348251,29,0.11,20,10.1c,5,3.96,1042,116,,
117SAT31,25/11/2011,4:05:00 AM,24/11/2011,8:05:00 PM,5.613256,118.352389,31.5,0,713,5f975,5,0,521,117,,
118SAT31,25/11/2011,4:04:37 PM,25/11/2011,8:04:37 AM,5.603556,118.373553,34,0.37,2.8,13.6c,5,1.01,2581,118,,
119SAT31,25/11/2011,8:04:37 PM,25/11/2011,12:04:37 PM,5.601753,118.373538,30,0.34,2.1,14.9c,5,1.52,201,119,,
120SAT31,26/11/2011,12:04:59 AM,25/11/2011,4:04:59 PM,5.60627,118.373525,29,2.17,10,15.5c,5,1.77,503,120,,
121SAT31,26/11/2011,4:04:37 AM,25/11/2011,8:04:37 PM,5.608984,118.373541,28.5,0.07,343,0.8cd,4,5.48,302,121,,
122SAT31,26/11/2011,4:04:37 PM,26/11/2011,8:04:37 AM,5.603474,118.374474,33.5,0.87,2.4,6.4cd,5,1.42,622,122,,
123SAT31,27/11/2011,12:04:37 AM,26/11/2011,4:04:37 PM,5.604225,118.379608,28.5,0.65,352,32.3c,5,2,575,123,,
124SAT31,27/11/2011,8:05:53 AM,27/11/2011,12:05:53 AM,5.612628,118.370033,29,0.02,284,25.7c,1,2.7,1414,124,,
125SAT31,27/11/2011,12:07:35 PM,27/11/2011,4:07:35 AM,5.615969,118.348163,31.5,0.12,269,24.7c,2,1.36,2451,125,,
126SAT31,27/11/2011,8:04:37 PM,27/11/2011,12:04:37 PM,5.614883,118.341398,30.5,0.29,341,0.8cd,0,1.39,759,126,,
127SAT31,28/11/2011,4:04:37 PM,28/11/2011,8:04:37 AM,5.609138,118.329668,32.5,0.46,315,1.8cd,5,3.05,1448,127,,
128SAT31,28/11/2011,8:04:37 PM,28/11/2011,12:04:37 PM,5.60788,118.329291,29.5,0.49,347,4.9cd,5,1.61,146,128,,
129SAT31,29/11/2011,12:04:37 AM,28/11/2011,4:04:37 PM,5.606127,118.330992,29,0.46,353,7.1cd,5,2.54,271,129,,
130SAT31,29/11/2011,4:05:01 AM,28/11/2011,8:05:01 PM,5.605504,118.333146,29,0.84,0.6,10.3c,5,3.57,248,130,,
131SAT31,29/11/2011,4:05:05 PM,29/11/2011,8:05:05 AM,5.609321,118.329599,30,0.43,359,8.8cd,3,3.16,579,131,,
132SAT31,29/11/2011,8:04:55 PM,29/11/2011,12:04:55 PM,5.604773,118.323859,29,0.54,3.1,23.9c,5,1.65,813,132,,
133SAT31,30/11/2011,12:04:59 PM,30/11/2011,4:04:59 AM,5.605764,118.33487,31.5,0.07,343,d1.3c,5,3.47,1225,133,,
134SAT31,30/11/2011,4:05:07 PM,30/11/2011,8:05:07 AM,5.605339,118.324979,31.5,0.85,34,8.4cd,5,2.58,1097,134,,
135SAT31,01/12/2011,4:05:05 PM,01/12/2011,8:05:05 AM,5.582864,118.313106,30,0.34,49,23.8c,2,3.26,2827,135,,
136SAT31,01/12/2011,8:05:05 PM,01/12/2011,12:05:05 PM,5.580506,118.314659,29,0.04,319,22.3c,5,2.09,314,136,,
137SAT31,02/12/2011,12:04:37 AM,01/12/2011,4:04:37 PM,5.579551,118.31423,28,0.48,14,25.3c,5,1.55,116,137,,
138SAT31,02/12/2011,4:04:00 AM,01/12/2011,8:04:00 PM,5.578878,118.313503,28.5,0,713,57975,1,0,110,138,,
139SAT31,02/12/2011,4:04:37 AM,01/12/2011,8:04:37 PM,5.578877,118.313503,28,0.42,24,d2.9c,2,3.03,0,139,,
140SAT31,02/12/2011,12:06:00 PM,02/12/2011,4:06:00 AM,5.542656,118.289783,32,0,713,5f975,3,0,4813,140,,
141SAT31,02/12/2011,12:06:07 PM,02/12/2011,4:06:07 AM,5.542656,118.289783,31.5,0.34,20,85.4c,5,2.24,0,141,,
142SAT31,03/12/2011,4:04:37 PM,03/12/2011,8:04:37 AM,5.533902,118.289287,31.5,0.31,349,d1.5c,3,3.2,976,142,,
143SAT31,04/12/2011,12:04:37 AM,03/12/2011,4:04:37 PM,5.534133,118.290103,29,0.4,345,14.5c,5,1.05,94,143,,
144SAT31,04/12/2011,8:06:29 AM,04/12/2011,12:06:29 AM,5.54005,118.296479,29,0.28,40,22.7c,4,13.1,966,144,,
145SAT31,04/12/2011,4:05:23 PM,04/12/2011,8:05:23 AM,5.533806,118.2903,31.5,0.15,0,21.9c,3,2.23,976,145,,
146SAT31,04/12/2011,8:04:37 PM,04/12/2011,12:04:37 PM,5.521053,118.290644,29.5,0.26,351,9.3cd,5,1.76,1420,146,,
147SAT31,05/12/2011,12:04:37 PM,05/12/2011,4:04:37 AM,5.516345,118.280988,30,1.16,349,6.0cd,2,2.11,1191,147,,
148SAT31,05/12/2011,8:04:37 PM,05/12/2011,12:04:37 PM,5.517331,118.274692,29.5,0.26,353,19.8c,1,0.89,706,148,,
149SAT31,06/12/2011,4:04:00 AM,05/12/2011,8:04:00 PM,5.516418,118.277118,29,0,713,57975,2,0,287,149,,
150SAT31,06/12/2011,4:07:53 PM,06/12/2011,8:07:53 AM,5.514677,118.283771,31.5,0.39,302,24.0c,4,10.5,762,150,,
151SAT31,07/12/2011,12:04:37 AM,06/12/2011,4:04:37 PM,5.517288,118.274225,27,3.52,328,29.1c,5,2.62,1097,151,,
152SAT31,07/12/2011,4:04:37 AM,06/12/2011,8:04:37 PM,5.516138,118.275775,27.5,0.72,345,25.9c,2,2.41,214,152,,
153SAT31,07/12/2011,8:06:05 AM,07/12/2011,12:06:05 AM,5.519372,118.283308,28,0.8,173,24.2c,0,1.93,909,153,,
154SAT31,07/12/2011,8:05:07 PM,07/12/2011,12:05:07 PM,5.514455,118.278862,28,0.27,7.8,d24.1,5,4.81,736,154,,
155SAT31,08/12/2011,12:04:37 AM,07/12/2011,4:04:37 PM,5.517421,118.274349,27.5,0.44,330,27.2c,5,1.18,599,155,,
156SAT31,08/12/2011,4:04:53 AM,07/12/2011,8:04:53 PM,5.517916,118.275625,28.5,0.03,60,11.8c,3,1.8,152,156,,
157SAT31,08/12/2011,12:05:35 PM,08/12/2011,4:05:35 AM,5.526747,118.283155,30.5,0.07,314,3.3cd,1,2.95,1289,157,,
158SAT31,08/12/2011,12:05:35 PM,08/12/2011,4:05:35 AM,5.526747,118.283155,30.5,0.07,314,3.3cd,1,2.95,0,158,,
159SAT31,08/12/2011,4:08:00 PM,08/12/2011,8:08:00 AM,5.526786,118.287159,30,0,713,5f975,5,0,444,159,,
160SAT31,09/12/2011,12:06:35 AM,08/12/2011,4:06:35 PM,5.536336,118.294827,29,0.17,289,5.7cd,5,1.21,1361,160,,
161SAT31,09/12/2011,4:04:55 AM,08/12/2011,8:04:55 PM,5.537475,118.300987,28.5,0.88,17,8.8cd,1,2.56,694,161,,
162SAT31,09/12/2011,4:08:02 PM,09/12/2011,8:08:02 AM,5.54089,118.311119,34.5,0.02,327,d12.3,0,3.18,1185,162,,
163SAT31,09/12/2011,8:04:37 PM,09/12/2011,12:04:37 PM,5.543891,118.311616,30.5,0.29,352,6.5cd,5,3.07,339,163,,
164SAT31,10/12/2011,12:05:07 AM,09/12/2011,4:05:07 PM,5.546043,118.31386,29.5,0.66,19,12.8c,0,1.87,345,164,,
165SAT31,10/12/2011,8:05:35 AM,10/12/2011,12:05:35 AM,5.547837,118.319174,29,0.27,20,9.5cd,5,3.26,622,165,,
166SAT31,10/12/2011,12:07:00 PM,10/12/2011,4:07:00 AM,5.547666,118.322454,33.5,0,713,5f975,4,0,364,166,,
167SAT31,10/12/2011,8:05:29 PM,10/12/2011,12:05:29 PM,5.546238,118.313728,30.5,0.22,325,8.3cd,0,2.44,980,167,,
168SAT31,11/12/2011,12:04:37 AM,10/12/2011,4:04:37 PM,5.543559,118.311722,29,0.86,351,22.9c,5,3.17,372,168,,
169SAT31,11/12/2011,8:05:40 AM,11/12/2011,12:05:40 AM,5.540784,118.313945,29,0.49,56,d17.2,4,2.07,395,169,,
170SAT31,11/12/2011,12:07:28 PM,11/12/2011,4:07:28 AM,5.537154,118.309661,32,0.67,249,d16.0,5,4.7,623,170,,
171SAT31,11/12/2011,4:05:37 PM,11/12/2011,8:05:37 AM,5.537004,118.297249,31,0.84,321,19.8c,5,3.11,1375,171,,
172SAT31,11/12/2011,8:05:07 PM,11/12/2011,12:05:07 PM,5.523176,118.297383,30.5,0.16,2.3,13.0c,3,2.52,1539,172,,
173SAT31,12/12/2011,12:05:05 AM,11/12/2011,4:05:05 PM,5.519192,118.30157,29,2.26,354,6.6cd,5,1.57,642,173,,
174SAT31,12/12/2011,4:05:53 AM,11/12/2011,8:05:53 PM,5.520754,118.306952,29.5,0.29,331,11.5c,1,1.9,621,174,,
175SAT31,12/12/2011,8:05:01 AM,12/12/2011,12:05:01 AM,5.52016,118.305032,28.5,0.07,352,d21.3,5,3.05,223,175,,
176SAT31,12/12/2011,12:06:53 PM,12/12/2011,4:06:53 AM,5.51439,118.304247,32.5,0.17,25,d14.3,2,2.37,648,176,,
177SAT31,12/12/2011,4:04:37 PM,12/12/2011,8:04:37 AM,5.513665,118.301396,31.5,0.64,332,19.5c,0,2.11,326,177,,
178SAT31,12/12/2011,8:04:00 PM,12/12/2011,12:04:00 PM,5.497884,118.312441,29,0,713,5f975,5,0,2141,178,,
179SAT31,12/12/2011,8:04:53 PM,12/12/2011,12:04:53 PM,5.497883,118.312441,28.5,0.1,351,13.8c,5,1.97,0,179,,
180SAT31,13/12/2011,4:05:29 AM,12/12/2011,8:05:29 PM,5.499884,118.30745,28.5,0.16,71,16.9c,0,8.8,596,180,,
181SAT31,13/12/2011,8:04:37 PM,13/12/2011,12:04:37 PM,5.473866,118.300947,29,0.96,1,9.1cd,5,2.12,2985,181,,
182SAT31,14/12/2011,12:04:37 AM,13/12/2011,4:04:37 PM,5.465229,118.294016,28,1.87,46,16.3c,5,1.09,1231,182,,
183SAT31,14/12/2011,8:07:23 AM,14/12/2011,12:07:23 AM,5.468627,118.291358,29,0.34,184,35.7c,5,18.4,479,183,,
184SAT31,14/12/2011,12:08:05 PM,14/12/2011,4:08:05 AM,5.465389,118.2924,30,2.5,236,34.8c,3,2.24,378,184,,
185SAT31,14/12/2011,4:04:55 PM,14/12/2011,8:04:55 AM,5.467475,118.298531,30.5,0.77,19,59.6c,5,4.27,718,185,,
186SAT31,14/12/2011,8:04:37 PM,14/12/2011,12:04:37 PM,5.467406,118.294966,28,1.13,324,25.9c,5,1.25,395,186,,
187SAT31,15/12/2011,12:04:37 AM,14/12/2011,4:04:37 PM,5.463718,118.294168,27.5,0.5,357,20.0c,5,1.01,420,187,,
188SAT31,15/12/2011,4:04:53 AM,14/12/2011,8:04:53 PM,5.46314,118.293905,28.5,0.05,143,15.0c,5,8.12,71,188,,
189SAT31,15/12/2011,4:04:37 PM,15/12/2011,8:04:37 AM,5.462034,118.294651,31.5,0.87,346,15.3c,5,1.33,148,189,,
190SAT31,15/12/2011,8:04:53 PM,15/12/2011,12:04:53 PM,5.462104,118.294598,29.5,1.81,37,13.1c,5,10.9,10,190,,
191SAT31,16/12/2011,12:05:35 AM,15/12/2011,4:05:35 PM,5.464416,118.294583,28.5,1.04,18,25.8c,3,6.23,257,191,,
192SAT31,16/12/2011,8:04:37 AM,16/12/2011,12:04:37 AM,5.469348,118.292558,28.5,0.35,352,d17.8,0,2.12,593,192,,
193SAT31,16/12/2011,12:06:01 PM,16/12/2011,4:06:01 AM,5.471571,118.291511,30,0.64,21,17.9c,5,2.04,273,193,,
194SAT31,16/12/2011,4:06:05 PM,16/12/2011,8:06:05 AM,5.467218,118.292686,32.5,1.8,150,25.6c,3,2.87,502,194,,
195SAT31,16/12/2011,8:04:37 PM,16/12/2011,12:04:37 PM,5.462367,118.294729,29.5,0.81,0.3,13.9c,5,1.14,586,195,,
196SAT31,17/12/2011,12:04:37 PM,17/12/2011,4:04:37 AM,5.459598,118.287897,29.5,0.71,328,d1.1c,2,3.49,817,196,,
197SAT31,17/12/2011,4:04:37 PM,17/12/2011,8:04:37 AM,5.456347,118.287359,31.5,0.58,356,d3.2c,5,3.17,367,197,,
198SAT31,17/12/2011,8:04:37 PM,17/12/2011,12:04:37 PM,5.462212,118.294783,29.5,0.35,351,8.6cd,5,1.43,1050,198,,
199SAT31,18/12/2011,12:04:37 AM,17/12/2011,4:04:37 PM,5.472805,118.291383,28.5,0.37,356,17.7c,5,1.32,1238,199,,
200SAT31,18/12/2011,4:04:37 PM,18/12/2011,8:04:37 AM,5.469662,118.300573,31.5,0.53,342,20.1c,0,2.33,1077,200,,
201SAT31,18/12/2011,8:04:37 PM,18/12/2011,12:04:37 PM,5.471967,118.299375,30,0.34,3.1,4.2cd,2,3.27,289,201,,
202SAT31,19/12/2011,4:05:01 AM,18/12/2011,8:05:01 PM,5.476688,118.298145,28.5,0.35,352,23.1c,0,2.39,543,202,,
203SAT31,19/12/2011,4:05:37 PM,19/12/2011,8:05:37 AM,5.455436,118.284104,33.5,2.68,8.3,43.1c,0,2.38,2832,203,,
204SAT31,19/12/2011,8:05:35 PM,19/12/2011,12:05:35 PM,5.466355,118.241918,29.5,0.66,34,42.5c,5,2.41,4830,204,,
205SAT31,20/12/2011,4:05:05 PM,20/12/2011,8:05:05 AM,5.486282,118.2121,32.5,0.77,331,52.9c,5,2.26,3980,205,,
206SAT31,21/12/2011,4:06:05 AM,20/12/2011,8:06:05 PM,5.489218,118.204162,29,0.56,25,31.2c,5,2.45,938,206,,
207SAT31,21/12/2011,4:05:07 PM,21/12/2011,8:05:07 AM,5.486983,118.211525,33.5,0.39,342,23.6c,4,2.29,853,207,,
208SAT31,21/12/2011,8:04:37 PM,21/12/2011,12:04:37 PM,5.495849,118.206491,30,0.43,13,15.6c,5,1.79,1134,208,,
209SAT31,22/12/2011,8:05:05 AM,22/12/2011,12:05:05 AM,5.481707,118.200696,29,0.28,83,9.5cd,2,2.9,1700,209,,
210SAT31,22/12/2011,8:05:05 AM,22/12/2011,12:05:05 AM,5.481707,118.200696,29,0.28,83,9.5cd,2,2.9,0,210,,
211SAT31,22/12/2011,4:05:53 PM,22/12/2011,8:05:53 AM,5.487547,118.224498,30.5,0.1,86,17.6c,0,3.25,2716,211,,
212SAT31,22/12/2011,8:04:37 PM,22/12/2011,12:04:37 PM,5.48645,118.224513,29.5,0.32,346,14.3c,5,1.42,122,212,,
213SAT31,23/12/2011,12:04:37 AM,22/12/2011,4:04:37 PM,5.488023,118.226411,28.5,1.73,18,29.5c,5,2.52,274,213,,
214SAT31,23/12/2011,8:05:23 AM,23/12/2011,12:05:23 AM,5.483582,118.227674,29,0.27,313,27.6c,4,1.47,514,214,,
215SAT31,23/12/2011,4:04:37 PM,23/12/2011,8:04:37 AM,5.486751,118.226045,35,0.27,359,18.6c,5,1.46,396,215,,
216SAT31,24/12/2011,12:04:37 AM,23/12/2011,4:04:37 PM,5.488902,118.22591,29,0.24,6.7,24.2c,3,3.1,240,216,,
217SAT31,24/12/2011,8:04:37 PM,24/12/2011,12:04:37 PM,5.473252,118.217628,28,0.5,349,23.7c,5,4.02,1969,217,,
218SAT31,25/12/2011,12:05:35 AM,24/12/2011,4:05:35 PM,5.475405,118.220714,28,0.43,121,19.5c,5,3.02,418,218,,
219SAT31,25/12/2011,4:05:02 AM,24/12/2011,8:05:02 PM,5.475609,118.221107,27.5,3.69,330,59.1c,0,6.84,49,219,,
220SAT31,25/12/2011,4:04:37 PM,25/12/2011,8:04:37 AM,5.478464,118.217628,29.5,0.68,354,d7.4c,5,2.64,500,220,,
221SAT31,25/12/2011,8:06:05 PM,25/12/2011,12:06:05 PM,5.478481,118.223002,29,1.07,341,5.1cd,0,2.84,596,221,,
222SAT31,26/12/2011,4:05:35 AM,25/12/2011,8:05:35 PM,5.488595,118.233858,29,0.23,61,6.1cd,5,1.46,1648,222,,
223SAT31,26/12/2011,8:04:53 AM,26/12/2011,12:04:53 AM,5.486083,118.234956,28.5,0.06,105,6.1cd,5,2.41,305,223,,
224SAT31,26/12/2011,4:05:23 PM,26/12/2011,8:05:23 AM,5.487547,118.233033,30.5,0.24,308,2.7cd,5,3.17,268,224,,
225SAT31,26/12/2011,8:04:37 PM,26/12/2011,12:04:37 PM,5.485692,118.232805,29,1.88,350,22.8c,5,8.88,208,225,,
226SAT31,27/12/2011,12:04:59 AM,26/12/2011,4:04:59 PM,5.486,118.235076,28.5,0.66,206,22.8c,4,5.7,254,226,,
227SAT31,27/12/2011,4:05:05 AM,26/12/2011,8:05:05 PM,5.488682,118.238531,28,3.49,41,32.7c,0,2.71,486,227,,
228SAT31,27/12/2011,12:07:00 PM,27/12/2011,4:07:00 AM,5.487289,118.234501,30,0,713,5f975,5,0,473,228,,
229SAT31,27/12/2011,12:07:35 PM,27/12/2011,4:07:35 AM,5.487288,118.234501,30,0.86,66,31.0c,5,1.71,0,229,,
230SAT31,27/12/2011,8:04:37 PM,27/12/2011,12:04:37 PM,5.47683,118.216305,28.5,0.28,3.7,22.5c,3,2.52,2328,230,,
231SAT31,28/12/2011,12:04:53 AM,27/12/2011,4:04:53 PM,5.472733,118.216745,29.5,0.02,25,23.2c,5,3.2,459,231,,
232SAT31,28/12/2011,4:05:07 AM,27/12/2011,8:05:07 PM,5.473173,118.215436,29,0.88,337,8.9cd,5,5.28,153,232,,
233SAT31,28/12/2011,8:04:37 AM,28/12/2011,12:04:37 AM,5.472633,118.216061,29,0.2,19,12.3c,5,1.05,92,233,,
234SAT31,28/12/2011,12:08:07 PM,28/12/2011,4:08:07 AM,5.465875,118.206478,31,2.37,356,55.1c,2,1.56,1301,234,,
235SAT31,28/12/2011,8:05:29 PM,28/12/2011,12:05:29 PM,5.443521,118.204421,28.5,0.25,347,55.6c,0,3.26,2499,235,,
236SAT31,29/12/2011,4:06:05 AM,28/12/2011,8:06:05 PM,5.444835,118.208766,28,0.12,0,34.9c,4,1.8,503,236,,
237SAT31,29/12/2011,4:05:23 PM,29/12/2011,8:05:23 AM,5.482701,118.200641,32.5,0.31,11,35.2c,3,4.16,4310,237,,
238SAT31,29/12/2011,8:04:59 PM,29/12/2011,12:04:59 PM,5.480287,118.200098,30,0.07,323,24.4c,5,2.15,275,238,,
239SAT31,30/12/2011,4:07:35 AM,29/12/2011,8:07:35 PM,5.477989,118.200515,29,2.76,240,25.8c,4,5.24,260,239,,
240SAT31,30/12/2011,8:07:29 AM,30/12/2011,12:07:29 AM,5.474763,118.202627,29.5,1.15,113,25.0c,5,1.4,429,240,,
241SAT31,30/12/2011,12:06:05 PM,30/12/2011,4:06:05 AM,5.475935,118.20009,31.5,0.07,289,24.0c,0,2.73,310,241,,
242SAT31,30/12/2011,4:07:05 PM,30/12/2011,8:07:05 AM,5.488026,118.202447,30,0.13,354,23.3c,5,2.26,1371,242,,
243SAT31,30/12/2011,8:04:37 PM,30/12/2011,12:04:37 PM,5.494515,118.20786,29,0.24,335,21.2c,3,2.53,939,243,,
244SAT31,31/12/2011,12:06:35 AM,30/12/2011,4:06:35 PM,5.490691,118.21023,29.5,1.12,204,39.1c,1,2.55,500,244,,
245SAT31,31/12/2011,4:08:00 AM,30/12/2011,8:08:00 PM,5.484583,118.208068,28.5,0,713,5f975,1,0,721,245,,
246SAT31,31/12/2011,4:08:00 AM,30/12/2011,8:08:00 PM,5.484583,118.208068,30,0,713,5f975,5,0,0,246,,
247SAT31,31/12/2011,8:08:05 PM,31/12/2011,12:08:05 PM,5.456499,118.228037,28,3.19,253,16.2c,0,4.31,3830,247,,
248SAT31,01/01/2012,12:04:55 AM,31/12/2011,4:04:55 PM,5.439421,118.225984,28,2.54,2.7,28.6c,5,1.81,1915,248,,
249SAT31,01/01/2012,4:05:53 AM,31/12/2011,8:05:53 PM,5.459583,118.234699,28,2.31,99,28.6c,0,7.69,2443,249,,
250SAT31,01/01/2012,8:06:29 AM,01/01/2012,12:06:29 AM,5.460533,118.236286,28.5,0.54,356,23.9c,5,1.98,205,250,,
251SAT31,01/01/2012,4:06:05 PM,01/01/2012,8:06:05 AM,5.455885,118.240621,29.5,0.02,0,16.4c,5,2.64,706,251,,
252SAT31,01/01/2012,8:04:37 PM,01/01/2012,12:04:37 PM,5.454972,118.245552,29,0.22,17,2.9cd,5,2.13,556,252,,
253SAT31,02/01/2012,12:05:53 AM,01/01/2012,4:05:53 PM,5.454131,118.251434,29,2.03,108,d0.6c,5,3.23,659,253,,
254SAT31,02/01/2012,4:04:00 AM,01/01/2012,8:04:00 PM,5.452696,118.254216,28.5,0,713,5f975,5,0,347,254,,
255SAT31,02/01/2012,4:04:37 AM,01/01/2012,8:04:37 PM,5.452696,118.254216,28,0.74,353,11.0c,5,2.05,0,255,,
256SAT31,02/01/2012,8:05:07 PM,02/01/2012,12:05:07 PM,5.473725,118.270225,28,0.08,18,d3.7c,5,2.4,2937,256,,
257SAT31,03/01/2012,12:05:41 AM,02/01/2012,4:05:41 PM,5.474757,118.270856,28.5,0.02,353,30.0c,3,4.14,135,257,,
258SAT31,03/01/2012,4:05:53 AM,02/01/2012,8:05:53 PM,5.468444,118.263174,28.5,0.03,279,30.4c,5,6.5,1104,258,,
259SAT31,03/01/2012,8:05:53 AM,03/01/2012,12:05:53 AM,5.466043,118.253526,28,0.05,73,29.1c,3,2.93,1102,259,,
260SAT31,03/01/2012,12:05:00 PM,03/01/2012,4:05:00 AM,5.464551,118.255006,30,0,713,5f875,5,0,233,260,,
261SAT31,03/01/2012,12:05:53 PM,03/01/2012,4:05:53 AM,5.46455,118.255005,30,1.75,306,28.3c,3,5.85,0,261,,
262SAT31,03/01/2012,8:05:35 PM,03/01/2012,12:05:35 PM,5.468638,118.262607,28.5,0.74,315,26.5c,5,1.69,957,262,,
263SAT31,04/01/2012,4:06:09 AM,03/01/2012,8:06:09 PM,5.465159,118.252162,28,1.62,347,106.7,5,7.63,1221,263,,
264SAT31,04/01/2012,8:05:37 AM,04/01/2012,12:05:37 AM,5.464247,118.246917,28.5,0.63,17,15.3c,5,4.96,590,264,,
265SAT31,04/01/2012,12:04:37 PM,04/01/2012,4:04:37 AM,5.465509,118.24693,34,0.2,357,15.2c,5,1.47,141,265,,
266SAT31,04/01/2012,4:06:05 PM,04/01/2012,8:06:05 AM,5.465356,118.252357,32.5,0.01,0,9.6cd,5,1.87,602,266,,
267SAT31,04/01/2012,8:05:59 PM,04/01/2012,12:05:59 PM,5.465501,118.246642,30,2.9,34,11.1c,5,2.46,634,267,,
268SAT31,05/01/2012,12:05:00 AM,04/01/2012,4:05:00 PM,5.468798,118.238553,29,0,713,57975,5,0,969,268,,
269SAT31,05/01/2012,12:05:07 AM,04/01/2012,4:05:07 PM,5.468797,118.238552,29.5,3.32,338,14.9c,5,3.26,0,269,,
270SAT31,05/01/2012,12:06:35 PM,05/01/2012,4:06:35 AM,5.471963,118.236944,31,0.99,321,13.9c,5,3.53,395,270,,
271SAT31,05/01/2012,4:06:29 PM,05/01/2012,8:06:29 AM,5.478856,118.241604,31,1.22,323,13.3c,0,2.87,925,271,,
272SAT31,05/01/2012,8:07:35 PM,05/01/2012,12:07:35 PM,5.483017,118.23049,30,0.38,305,13.1c,4,3.56,1316,272,,
273SAT31,06/01/2012,12:05:59 AM,05/01/2012,4:05:59 PM,5.481517,118.232249,29.5,0.13,342,12.3c,5,3.31,257,273,,
274SAT31,06/01/2012,4:04:37 AM,05/01/2012,8:04:37 PM,5.480905,118.231326,28.5,1.57,345,250.7,1,11.2,123,274,,
275SAT31,06/01/2012,8:05:53 AM,06/01/2012,12:05:53 AM,5.480162,118.237202,29,0.07,331,83.9c,3,2.27,656,275,,
276SAT31,06/01/2012,12:05:00 PM,06/01/2012,4:05:00 AM,5.480003,118.239199,30,0,713,5f975,3,0,222,276,,
277SAT31,06/01/2012,12:05:55 PM,06/01/2012,4:05:55 AM,5.480002,118.239199,31,0.41,7.6,0.9cd,1,1.4,0,277,,
278SAT31,07/01/2012,4:04:37 PM,07/01/2012,8:04:37 AM,5.483417,118.233692,32,1.03,0,3.3cd,5,5.14,719,278,,
279SAT31,07/01/2012,8:04:37 PM,07/01/2012,12:04:37 PM,5.472708,118.239016,29.5,0.12,0,14.8c,5,1.15,1330,279,,
280SAT31,08/01/2012,12:05:05 AM,07/01/2012,4:05:05 PM,5.474518,118.243414,29.5,0.58,0,16.7c,5,1.85,527,280,,
281SAT31,08/01/2012,4:04:37 AM,07/01/2012,8:04:37 PM,5.474804,118.244187,29,1.57,0,d35.6,0,3.36,91,281,,
282SAT31,08/01/2012,4:04:55 PM,08/01/2012,8:04:55 AM,5.47234,118.257429,29.5,0.75,0,4.2cd,3,1.52,1493,282,,
283SAT31,09/01/2012,12:05:37 AM,08/01/2012,4:05:37 PM,5.477039,118.258155,28.5,1.39,0,29.5c,1,3.6,529,283,,
284SAT31,09/01/2012,8:07:00 AM,09/01/2012,12:07:00 AM,5.484484,118.262281,31,0,713,5f975,2,0,947,284,,
285SAT31,10/01/2012,12:04:37 AM,09/01/2012,4:04:37 PM,5.509653,118.275825,28.5,1.74,247,30.5c,5,3.71,3178,285,,
286SAT31,10/01/2012,8:05:23 AM,10/01/2012,12:05:23 AM,5.505824,118.267025,28,0.06,288,29.0c,0,1.72,1064,286,,
287SAT31,10/01/2012,8:04:37 PM,10/01/2012,12:04:37 PM,5.511575,118.26244,28,0.24,357,7.8cd,5,1.11,817,287,,
288SAT31,11/01/2012,12:04:37 AM,10/01/2012,4:04:37 PM,5.511157,118.261237,28.5,0.88,17,10.7c,5,1.29,141,288,,
289SAT31,12/01/2012,12:04:37 AM,11/01/2012,4:04:37 PM,5.498581,118.227332,27.5,0.64,333,d4.0c,5,3.27,0,289,,
290SAT31,14/01/2012,4:06:35 AM,13/01/2012,8:06:35 PM,5.508997,118.206704,28,0.05,0,21.5c,0,2.57,2563,290,,
291SAT31,15/01/2012,8:06:53 AM,15/01/2012,12:06:53 AM,5.510872,118.233561,28.5,0.46,291,0.9cd,2,6.17,2983,291,,
292SAT31,15/01/2012,12:06:00 PM,15/01/2012,4:06:00 AM,5.511894,118.232858,30.5,0,713,5f975,5,0,138,292,,
293SAT31,17/01/2012,4:06:23 AM,16/01/2012,8:06:23 PM,5.478397,118.22058,28.5,4,26,84.6c,3,1.67,3969,293,,
294SAT31,17/01/2012,8:05:59 AM,17/01/2012,12:05:59 AM,5.475492,118.219558,28,0.46,97,83.6c,5,2.41,343,294,,
295SAT31,17/01/2012,12:06:25 PM,17/01/2012,4:06:25 AM,5.471797,118.215558,31,4.18,171,d0.6c,1,1.76,605,295,,
296SAT31,17/01/2012,4:04:37 PM,17/01/2012,8:04:37 AM,5.464465,118.199323,32,1.08,67,10.2c,5,4.89,1976,296,,
297SAT31,18/01/2012,4:05:23 AM,17/01/2012,8:05:23 PM,5.457685,118.181894,28.5,0.08,125,15.6c,0,6.84,2074,297,,
298SAT31,18/01/2012,8:06:05 AM,18/01/2012,12:06:05 AM,5.462681,118.179095,28.5,0.01,0,14.5c,5,1.59,637,298,,
299SAT31,18/01/2012,12:06:00 PM,18/01/2012,4:06:00 AM,5.462819,118.179558,30.5,0,713,5f975,5,0,54,299,,
300SAT31,18/01/2012,12:06:23 PM,18/01/2012,4:06:23 AM,5.462819,118.179558,32.5,0.15,287,13.3c,4,1.39,0,300,,
301SAT31,18/01/2012,8:05:29 PM,18/01/2012,12:05:29 PM,5.465885,118.171066,29,0.12,19,12.3c,0,2.55,1001,301,,
302SAT31,19/01/2012,12:04:55 AM,18/01/2012,4:04:55 PM,5.467377,118.170597,28,0.5,339,0.8cd,4,4.73,174,302,,
303SAT31,19/01/2012,12:06:05 PM,19/01/2012,4:06:05 AM,5.461845,118.16087,31,1.09,5.3,17.0c,4,6.01,1241,303,,
304SAT31,19/01/2012,4:05:05 PM,19/01/2012,8:05:05 AM,5.4586,118.156899,31,0.38,64,16.4c,5,6.3,569,304,,
305SAT31,20/01/2012,12:06:53 AM,19/01/2012,4:06:53 PM,5.459277,118.156041,30,2,93,14.7c,2,6.26,121,305,,
306SAT31,20/01/2012,4:05:59 AM,19/01/2012,8:05:59 PM,5.459541,118.156401,29.5,0.57,120,13.5c,5,2.34,49,306,,
307SAT31,20/01/2012,4:05:37 PM,20/01/2012,8:05:37 AM,5.459137,118.156697,33,0.79,3.5,34.2c,4,5.52,56,307,,
308SAT31,21/01/2012,4:04:00 AM,20/01/2012,8:04:00 PM,5.457793,118.156391,28,0,713,5f975,0,0,153,308,,
309SAT31,21/01/2012,4:04:53 AM,20/01/2012,8:04:53 PM,5.457793,118.156391,27.5,0.09,347,15.2c,3,6.69,0,309,,
310SAT31,21/01/2012,12:06:53 PM,21/01/2012,4:06:53 AM,5.462216,118.15828,30,2.18,281,13.8c,3,2.71,535,310,,
311SAT31,21/01/2012,4:05:53 PM,21/01/2012,8:05:53 AM,5.461673,118.157577,32.5,0.09,0,13.1c,2,8.07,99,311,,
312SAT31,21/01/2012,8:05:01 PM,21/01/2012,12:05:01 PM,5.460169,118.156482,29.5,0.41,357,d4.4c,5,2.72,207,312,,
313SAT31,22/01/2012,12:07:23 AM,21/01/2012,4:07:23 PM,5.468856,118.156851,29.5,4.33,141,1.4cd,1,3.19,968,313,,
314SAT31,22/01/2012,4:04:00 AM,21/01/2012,8:04:00 PM,5.469898,118.155854,28.5,0,713,5f975,1,0,160,314,,
315SAT31,22/01/2012,12:05:00 PM,22/01/2012,4:05:00 AM,5.472169,118.153168,31,0,0,5f975,0,0,391,315,,
316SAT31,22/01/2012,12:05:00 PM,22/01/2012,4:05:00 AM,5.472169,118.153168,31,0,713,5f975,0,0,0,316,,
317SAT31,22/01/2012,12:05:59 PM,22/01/2012,4:05:59 AM,5.472169,118.153167,30.5,0.14,303,47.2c,4,2.77,0,317,,
318SAT31,23/01/2012,12:04:37 AM,22/01/2012,4:04:37 PM,5.471086,118.131223,29,0.35,7.4,16.7c,5,1.45,2435,318,,
319SAT31,23/01/2012,4:04:37 AM,22/01/2012,8:04:37 PM,5.470613,118.130327,28,1,348,21.0c,1,1.47,112,319,,
320SAT31,23/01/2012,8:05:07 AM,23/01/2012,12:05:07 AM,5.470522,118.130371,28,2,346,d2.9c,1,1.09,11,320,,
321SAT31,23/01/2012,4:06:55 PM,23/01/2012,8:06:55 AM,5.472351,118.123358,29.5,0.01,302,d6.5c,3,2.1,803,321,,
322SAT31,24/01/2012,12:06:05 PM,24/01/2012,4:06:05 AM,5.473125,118.130221,32.5,0.13,7.3,1.9cd,2,3.16,765,322,,
323SAT31,24/01/2012,4:04:37 PM,24/01/2012,8:04:37 AM,5.467626,118.129865,30.5,0.52,351,5.2cd,5,1.75,613,323,,
324SAT31,24/01/2012,8:04:37 PM,24/01/2012,12:04:37 PM,5.464239,118.129418,28.5,0.48,358,10.7c,5,1.45,380,324,,
325SAT31,25/01/2012,12:04:55 AM,24/01/2012,4:04:55 PM,5.4613,118.127483,28,0.71,9.5,13.4c,5,3.39,391,325,,
326SAT31,25/01/2012,4:05:07 AM,24/01/2012,8:05:07 PM,5.462128,118.11911,27.5,0.51,359,13.8c,5,2.55,932,326,,
327SAT31,25/01/2012,8:06:23 AM,25/01/2012,12:06:23 AM,5.463724,118.118836,28,0.23,31,8.0cd,1,14.1,180,327,,
328SAT31,25/01/2012,12:05:35 PM,25/01/2012,4:05:35 AM,5.462766,118.12031,29.5,0.27,189,8.0cd,0,3.32,195,328,,
329SAT31,25/01/2012,8:05:00 PM,25/01/2012,12:05:00 PM,5.460964,118.124774,29,0,713,5f975,5,0,534,329,,
330SAT31,25/01/2012,8:05:53 PM,25/01/2012,12:05:53 PM,5.460965,118.124774,30,0.22,95,47.7c,3,1.97,0,330,,
331SAT31,26/01/2012,4:05:59 AM,25/01/2012,8:05:59 PM,5.465246,118.118897,28.5,0.05,0,43.6c,4,3.2,807,331,,
332SAT31,26/01/2012,12:04:37 PM,26/01/2012,4:04:37 AM,5.462435,118.113246,31,0.63,14,d4.1c,4,2.98,700,332,,
333SAT31,26/01/2012,4:04:37 PM,26/01/2012,8:04:37 AM,5.462646,118.113703,32,0.46,28,15.2c,5,2.18,56,333,,
334SAT31,27/01/2012,4:06:00 AM,26/01/2012,8:06:00 PM,5.465814,118.126989,28,0,713,5f975,5,0,1514,334,,
335SAT31,27/01/2012,12:05:00 PM,27/01/2012,4:05:00 AM,5.472336,118.128869,29,0,713,5f975,5,0,755,335,,
336SAT31,27/01/2012,12:05:37 PM,27/01/2012,4:05:37 AM,5.472336,118.12887,28.5,0.64,8,37.8c,5,3.11,0,336,,
337SAT31,27/01/2012,8:05:23 PM,27/01/2012,12:05:23 PM,5.471471,118.130882,28,4.01,266,30.1c,5,2.25,243,337,,
338SAT31,28/01/2012,12:06:05 AM,27/01/2012,4:06:05 PM,5.462416,118.12059,27.5,0.09,5.5,30.9c,5,3.03,1522,338,,
339SAT31,28/01/2012,4:04:00 AM,27/01/2012,8:04:00 PM,5.463273,118.120636,27,0,713,5f975,1,0,96,339,,
340SAT31,28/01/2012,12:05:23 PM,28/01/2012,4:05:23 AM,5.459137,118.095264,30.5,0.19,353,8.0cd,0,3.16,2849,340,,
341SAT31,29/01/2012,12:06:29 AM,28/01/2012,4:06:29 PM,5.429553,118.103027,28.5,0.61,239,4.3cd,5,13.5,3404,341,,
342SAT31,29/01/2012,8:06:00 AM,29/01/2012,12:06:00 AM,5.424384,118.101466,31.5,0,713,5f975,5,0,601,342,,
343SAT31,29/01/2012,4:05:35 PM,29/01/2012,8:05:35 AM,5.418824,118.086436,33,0.01,0,10.3c,4,2,1777,343,,
344SAT31,30/01/2012,12:04:37 AM,29/01/2012,4:04:37 PM,5.406845,118.085503,28,0.43,9.7,18.6c,5,1.18,1337,344,,
345SAT31,30/01/2012,4:04:37 AM,29/01/2012,8:04:37 PM,5.407218,118.086132,27.5,0.17,1.7,3.5cd,5,1.92,81,345,,
346SAT31,30/01/2012,12:05:23 PM,30/01/2012,4:05:23 AM,5.418393,118.067757,32,0.43,212,1.0cd,5,3.66,2386,346,,
347SAT31,30/01/2012,4:07:05 PM,30/01/2012,8:07:05 AM,5.411679,118.065707,32.5,0,118,d0.1c,0,8.23,781,347,,
348SAT31,30/01/2012,8:06:05 PM,30/01/2012,12:06:05 PM,5.418494,118.051096,29.5,0.74,288,d0.6c,5,2.48,1788,348,,
349SAT31,31/01/2012,12:04:59 AM,30/01/2012,4:04:59 PM,5.412943,118.047695,28.5,1.18,340,1.0cd,0,2.1,724,349,,
350SAT31,31/01/2012,4:05:29 AM,30/01/2012,8:05:29 PM,5.412832,118.047255,28.5,0.8,153,d1.3c,5,1.91,50,350,,
351SAT31,31/01/2012,12:06:53 PM,31/01/2012,4:06:53 AM,5.419551,118.045009,30,2.08,145,d2.7c,5,3.22,788,351,,
352SAT31,31/01/2012,4:05:29 PM,31/01/2012,8:05:29 AM,5.421652,118.037182,34,1.11,260,16.2c,1,2.32,898,352,,
353SAT31,31/01/2012,8:04:37 PM,31/01/2012,12:04:37 PM,5.412938,118.032414,29.5,0.2,8.7,17.1c,4,1.23,1105,353,,
354SAT31,01/02/2012,12:05:29 PM,01/02/2012,4:05:29 AM,5.412522,118.027705,31.5,0.73,25,8.7cd,2,3.07,524,354,,
355SAT31,02/02/2012,12:06:53 PM,02/02/2012,4:06:53 AM,5.412362,118.029551,32,0.07,27,d13.1,2,1.78,205,355,,
356SAT31,02/02/2012,8:04:37 PM,02/02/2012,12:04:37 PM,5.413394,118.032679,29,0.89,1.6,20.2c,5,1.89,365,356,,
357SAT31,03/02/2012,12:06:29 AM,02/02/2012,4:06:29 PM,5.411914,118.029542,28.5,1.01,20,18.9c,5,2.34,385,357,,
358SAT31,03/02/2012,12:08:05 PM,03/02/2012,4:08:05 AM,5.412326,118.022708,31.5,0.11,120,8.2cd,5,7,759,358,,
359SAT31,03/02/2012,4:04:37 PM,03/02/2012,8:04:37 AM,5.411695,118.029585,33,1.42,18,24.6c,2,1.66,765,359,,
360SAT31,03/02/2012,8:04:37 PM,03/02/2012,12:04:37 PM,5.413971,118.033223,29.5,0.91,357,27.3c,5,1.26,476,360,,
361SAT31,04/02/2012,12:04:37 AM,03/02/2012,4:04:37 PM,5.412378,118.031002,28.5,0.63,1.6,25.2c,4,1.33,303,361,,
362SAT31,04/02/2012,4:05:55 AM,03/02/2012,8:05:55 PM,5.411674,118.027333,28.5,0.27,18,27.6c,2,1.67,414,362,,
363SAT31,04/02/2012,8:04:37 AM,04/02/2012,12:04:37 AM,5.411492,118.029223,28,0.15,6.7,13.3c,0,0.91,210,363,,
364SAT31,04/02/2012,4:04:37 PM,04/02/2012,8:04:37 AM,5.412806,118.031743,30,0.48,12,9.4cd,1,1.96,315,364,,
365SAT31,05/02/2012,12:07:23 AM,04/02/2012,4:07:23 PM,5.407695,118.021518,28.5,2.82,296,24.4c,5,2.45,1268,365,,
366SAT31,05/02/2012,4:04:55 AM,04/02/2012,8:04:55 PM,5.401266,118.013912,27.5,0.05,356,2.8cd,4,1.85,1106,366,,
367SAT31,05/02/2012,12:06:23 PM,05/02/2012,4:06:23 AM,5.403477,118.016319,31.5,0.65,32,d0.1c,5,9.57,363,367,,
368SAT31,05/02/2012,4:04:53 PM,05/02/2012,8:04:53 AM,5.396991,118.015939,33,0.14,144,15.0c,5,2.13,723,368,,
369SAT31,05/02/2012,8:04:53 PM,05/02/2012,12:04:53 PM,5.398778,118.016598,30.5,0.28,336,22.7c,1,2.25,212,369,,
370SAT31,06/02/2012,12:07:08 AM,05/02/2012,4:07:08 PM,5.403347,118.023635,29,0.26,320,20.8c,1,1.61,931,370,,
371SAT31,06/02/2012,4:04:59 AM,05/02/2012,8:04:59 PM,5.401263,118.021089,28.5,0.5,283,13.2c,4,4.25,365,371,,
372SAT31,06/02/2012,8:04:37 AM,06/02/2012,12:04:37 AM,5.401632,118.023039,29,1.14,346,20.4c,3,3.85,220,372,,
373SAT31,06/02/2012,8:04:37 AM,06/02/2012,12:04:37 AM,5.401632,118.023039,29,1.14,346,20.4c,3,3.85,0,373,,
374SAT31,06/02/2012,4:04:37 PM,06/02/2012,8:04:37 AM,5.401855,118.023659,35.5,0.23,22,14.0c,5,1.29,73,374,,
375SAT31,06/02/2012,8:07:05 PM,06/02/2012,12:07:05 PM,5.402048,118.018513,30,4.19,118,25.8c,4,3.96,571,375,,
376SAT31,07/02/2012,12:04:37 AM,06/02/2012,4:04:37 PM,5.40387,118.012974,28.5,1.21,7.6,27.9c,2,2.86,646,376,,
377SAT31,07/02/2012,4:04:59 AM,06/02/2012,8:04:59 PM,5.403683,118.014105,28,0.11,92,27.7c,0,1.99,127,377,,
378SAT31,07/02/2012,8:07:53 AM,07/02/2012,12:07:53 AM,5.404262,118.018153,28,2.98,207,28.6c,1,1.91,453,378,,
379SAT31,07/02/2012,12:06:23 PM,07/02/2012,4:06:23 AM,5.402927,118.015559,31.5,1.58,14,13.4c,0,2.92,324,379,,
380SAT31,07/02/2012,4:04:53 PM,07/02/2012,8:04:53 AM,5.400711,118.018482,32.5,0.05,42,20.4c,1,13,407,380,,
381SAT31,07/02/2012,8:05:29 PM,07/02/2012,12:05:29 PM,5.406161,118.024141,30.5,0.25,16,17.5c,4,1.44,873,381,,
382SAT31,08/02/2012,12:05:05 AM,07/02/2012,4:05:05 PM,5.403934,118.013464,29,0.07,323,16.2c,3,9.81,1209,382,,
383SAT31,08/02/2012,4:04:37 AM,07/02/2012,8:04:37 PM,5.402331,118.014529,28,1.94,5.2,d65.0,5,3.56,214,383,,
384SAT31,08/02/2012,12:04:37 PM,08/02/2012,4:04:37 AM,5.403401,118.014111,31,0.42,20,17.2c,5,1.03,128,384,,
385SAT31,08/02/2012,4:04:37 PM,08/02/2012,8:04:37 AM,5.39671,118.015754,31.5,0.25,348,7.8cd,5,1.25,767,385,,
386SAT31,09/02/2012,4:05:07 AM,08/02/2012,8:05:07 PM,5.412499,117.983358,28,0.56,0.9,8.6cd,2,2.31,3997,386,,
387SAT31,09/02/2012,8:06:00 AM,09/02/2012,12:06:00 AM,5.412438,117.979551,30.5,0,713,5f975,0,0,422,387,,
388SAT31,09/02/2012,8:06:37 AM,09/02/2012,12:06:37 AM,5.412437,117.979551,29,1.26,9.5,23.5c,4,4.2,0,388,,
389SAT31,09/02/2012,4:04:37 PM,09/02/2012,8:04:37 AM,5.413026,117.985259,33,0.27,2.4,12.6c,5,2.2,636,389,,
390SAT31,09/02/2012,8:04:37 PM,09/02/2012,12:04:37 PM,5.413031,117.987193,30,0.37,21,17.3c,5,1.78,214,390,,
391SAT31,10/02/2012,4:05:00 AM,09/02/2012,8:05:00 PM,5.413108,117.985078,29,0,713,5f975,0,0,235,391,,
392SAT31,10/02/2012,4:05:25 AM,09/02/2012,8:05:25 PM,5.413107,117.985078,28.5,0.29,10,21.8c,5,1.79,0,392,,
393SAT31,10/02/2012,12:04:37 PM,10/02/2012,4:04:37 AM,5.413985,117.984813,31.5,0.37,351,0.9cd,5,3.23,102,393,,
394SAT31,10/02/2012,8:04:38 PM,10/02/2012,12:04:38 PM,5.413434,117.985181,29.5,1.65,92,d9.6c,0,13.1,74,394,,
395SAT31,11/02/2012,12:05:05 AM,10/02/2012,4:05:05 PM,5.412681,117.989991,28.5,1.21,344,23.1c,4,2.44,540,395,,
396SAT31,11/02/2012,4:04:55 AM,10/02/2012,8:04:55 PM,5.414601,117.986069,28.5,0.6,328,d6.3c,1,6.02,484,396,,
397SAT31,11/02/2012,8:06:05 AM,11/02/2012,12:06:05 AM,5.412206,117.99021,28,2.47,359,64.2c,4,5.26,531,397,,
398SAT31,11/02/2012,12:05:25 PM,11/02/2012,4:05:25 AM,5.412101,117.990647,30,0.33,6,32.0c,2,3.26,50,398,,
399SAT31,11/02/2012,4:06:05 PM,11/02/2012,8:06:05 AM,5.407519,117.986816,29,5.34,91,31.0c,4,2.74,664,399,,
400SAT31,12/02/2012,12:07:05 AM,11/02/2012,4:07:05 PM,5.401608,117.984715,28,0.61,342,30.1c,0,2.03,698,400,,
401SAT31,12/02/2012,4:05:53 AM,11/02/2012,8:05:53 PM,5.405194,117.997246,27.5,0.1,348,28.1c,3,1.49,1445,401,,
402SAT31,12/02/2012,8:05:23 AM,12/02/2012,12:05:23 AM,5.410921,117.998663,27.5,2.42,123,27.8c,5,6.49,657,402,,
403SAT31,12/02/2012,4:06:05 PM,12/02/2012,8:06:05 AM,5.405099,118.01206,30.5,2.21,106,12.1c,3,2.84,1620,403,,
404SAT31,12/02/2012,8:04:37 PM,12/02/2012,12:04:37 PM,5.405319,118.025536,29,0.47,356,6.2cd,5,2.17,1494,404,,
405SAT31,13/02/2012,12:04:37 AM,12/02/2012,4:04:37 PM,5.397385,118.018228,28.5,1.33,14,9.4cd,5,2.05,1198,405,,
406SAT31,13/02/2012,4:04:37 AM,12/02/2012,8:04:37 PM,5.395692,118.016506,28,0.84,0.7,d20.7,5,2.67,268,406,,
407SAT31,13/02/2012,12:04:59 PM,13/02/2012,4:04:59 AM,5.396626,118.023463,29.5,0.46,350,37.6c,4,3.19,778,407,,
408SAT31,13/02/2012,4:04:37 PM,13/02/2012,8:04:37 AM,5.397541,118.018336,32,0.3,354,20.9c,5,1.25,577,408,,
409SAT31,14/02/2012,4:05:23 AM,13/02/2012,8:05:23 PM,5.39399,118.016275,28.5,0.44,0,16.5c,5,2.54,457,409,,
410SAT31,14/02/2012,4:04:37 PM,14/02/2012,8:04:37 AM,5.398467,118.020429,31,0.36,359,33.6c,5,2.95,678,410,,
411SAT31,14/02/2012,8:04:37 PM,14/02/2012,12:04:37 PM,5.394801,118.016426,28.5,1.14,344,21.1c,5,2.09,603,411,,
412SAT31,15/02/2012,12:04:37 AM,14/02/2012,4:04:37 PM,5.395708,118.01712,28.5,0.22,356,d0.1c,2,4.26,127,412,,
413SAT31,15/02/2012,4:04:37 AM,14/02/2012,8:04:37 PM,5.398535,118.020593,27.5,0.96,24,27.9c,1,3.28,497,413,,
414SAT31,15/02/2012,4:04:37 AM,14/02/2012,8:04:37 PM,5.398535,118.020593,27.5,0.96,24,27.9c,1,3.28,0,414,,
415SAT31,15/02/2012,8:05:35 AM,15/02/2012,12:05:35 AM,5.401146,118.030838,28,0.02,352,4.5cd,4,1.54,1172,415,,
416SAT31,15/02/2012,12:07:05 PM,15/02/2012,4:07:05 AM,5.401983,118.033462,30,1.64,4.5,20.3c,0,2.23,305,416,,
417SAT31,15/02/2012,4:06:23 PM,15/02/2012,8:06:23 AM,5.397556,118.020378,33.5,0.11,35,7.8cd,5,2.03,1531,417,,
418SAT31,15/02/2012,8:05:07 PM,15/02/2012,12:05:07 PM,5.395781,118.013396,29.5,0.63,21,9.0cd,0,1.77,799,418,,
419SAT31,16/02/2012,12:04:59 AM,15/02/2012,4:04:59 PM,5.397293,118.018036,29,0.15,10,14.1c,5,3.89,541,419,,
420SAT31,16/02/2012,4:04:37 AM,15/02/2012,8:04:37 PM,5.397527,118.019564,29,1.85,5.4,2.1cd,5,2.86,171,420,,
421SAT31,16/02/2012,8:07:23 AM,16/02/2012,12:07:23 AM,5.400076,118.029286,29,0.94,55,1.8cd,0,2.24,1114,421,,
422SAT31,16/02/2012,12:07:23 PM,16/02/2012,4:07:23 AM,5.416731,118.052391,31,2.91,217,17.0c,2,2.4,3161,422,,
423SAT31,16/02/2012,4:05:23 PM,16/02/2012,8:05:23 AM,5.405228,118.084647,33,1.53,88,8.5cd,3,2.36,3797,423,,
424SAT31,16/02/2012,8:05:23 PM,16/02/2012,12:05:23 PM,5.417328,118.091826,30,0.28,98,10.7c,2,4.24,1564,424,,
425SAT31,17/02/2012,12:05:07 AM,16/02/2012,4:05:07 PM,5.416129,118.093427,28,2.46,30,d25.2,4,11.3,222,425,,
426SAT31,17/02/2012,4:05:05 AM,16/02/2012,8:05:05 PM,5.422499,118.095455,28,0.07,275,d30.5,1,3.41,744,426,,
427SAT31,17/02/2012,4:05:01 PM,17/02/2012,8:05:01 AM,5.43309,118.114771,32.5,1.28,344,d103.,4,3.72,2444,427,,
428SAT31,17/02/2012,8:04:53 PM,17/02/2012,12:04:53 PM,5.431956,118.114493,30,0.01,117,d53.6,5,4.66,130,428,,
429SAT31,18/02/2012,4:04:37 AM,17/02/2012,8:04:37 PM,5.446946,118.093752,27.5,1.88,355,15.1c,4,1.6,2840,429,,
430SAT31,18/02/2012,8:04:53 AM,18/02/2012,12:04:53 AM,5.450111,118.101396,28,0.1,50,6.1cd,5,9.22,917,430,,
431SAT31,18/02/2012,12:05:00 PM,18/02/2012,4:05:00 AM,5.450136,118.100874,31,0,713,5f975,3,0,58,431,,
432SAT31,18/02/2012,12:05:05 PM,18/02/2012,4:05:05 AM,5.450135,118.100875,30.5,0.05,174,6.0cd,3,2.78,0,432,,
433SAT31,18/02/2012,8:05:59 PM,18/02/2012,12:05:59 PM,5.468467,118.129564,29.5,0.86,5.9,10.5c,5,1.72,3778,433,,
434SAT31,19/02/2012,12:05:01 AM,18/02/2012,4:05:01 PM,5.47303,118.137983,29,0.64,346,1.7cd,5,2.57,1062,434,,
435SAT31,19/02/2012,4:05:23 AM,18/02/2012,8:05:23 PM,5.472711,118.139096,28,8.55,58,3.0cd,4,2.83,128,435,,
436SAT31,19/02/2012,8:06:23 AM,19/02/2012,12:06:23 AM,5.472174,118.14052,28.5,0.28,59,1.1cd,3,2.72,169,436,,
437SAT31,19/02/2012,12:05:00 PM,19/02/2012,4:05:00 AM,5.476443,118.148999,32,0,713,5f975,0,0,1053,437,,
438SAT31,19/02/2012,12:05:53 PM,19/02/2012,4:05:53 AM,5.476443,118.148999,33,3.92,221,0.9cd,3,3.1,0,438,,
439SAT31,19/02/2012,8:04:37 PM,19/02/2012,12:04:37 PM,5.453368,118.176146,29,0.3,358,17.8c,5,0.93,3956,439,,
440SAT31,20/02/2012,4:04:37 PM,20/02/2012,8:04:37 AM,5.48138,118.198398,31,0.89,29,d17.9,0,2.23,3975,440,,
441SAT31,21/02/2012,4:06:07 AM,20/02/2012,8:06:07 PM,5.494773,118.201873,29.5,0.42,6.3,d1.2c,3,1.6,1540,441,,
442SAT31,21/02/2012,8:05:31 AM,21/02/2012,12:05:31 AM,5.477443,118.197961,28.5,1.72,358,3.8cd,5,2.09,1977,442,,
443SAT31,21/02/2012,4:06:05 PM,21/02/2012,8:06:05 AM,5.485065,118.19921,33.5,1.07,0.5,12.3c,0,2.54,860,443,,
444SAT31,21/02/2012,8:04:53 PM,21/02/2012,12:04:53 PM,5.494215,118.202594,29.5,0.21,45,13.6c,5,1.79,1085,444,,
445SAT31,22/02/2012,4:04:37 AM,21/02/2012,8:04:37 PM,5.486783,118.200623,27.5,2.51,51,10.7c,5,3.32,856,445,,
446SAT31,22/02/2012,8:05:00 AM,22/02/2012,12:05:00 AM,5.475046,118.196973,32.5,0,713,5f975,1,0,1368,446,,
447SAT31,23/02/2012,4:05:01 AM,22/02/2012,8:05:01 PM,5.49769,118.204137,29,0.81,347,25.8c,0,1.68,2643,447,,
448SAT31,23/02/2012,4:05:05 PM,23/02/2012,8:05:05 AM,5.477497,118.194028,30.5,0.26,342,d58.3,0,1.57,2512,448,,
449SAT31,23/02/2012,8:04:37 PM,23/02/2012,12:04:37 PM,5.497307,118.202574,28.5,0.59,13,10.7c,5,1.48,2400,449,,
450SAT31,24/02/2012,12:04:37 AM,23/02/2012,4:04:37 PM,5.497649,118.204349,27.5,1.1,349,23.6c,4,3.05,200,450,,
451SAT31,24/02/2012,4:04:00 AM,23/02/2012,8:04:00 PM,5.500286,118.204279,28,0,713,5f975,0,0,294,451,,
452SAT31,24/02/2012,8:04:37 PM,24/02/2012,12:04:37 PM,5.499667,118.20386,29.5,1.07,316,11.9c,3,2.68,83,452,,
453SAT31,25/02/2012,12:04:37 AM,24/02/2012,4:04:37 PM,5.498504,118.202486,28,0.64,17,17.2c,5,1.07,200,453,,
454SAT31,25/02/2012,4:04:37 AM,24/02/2012,8:04:37 PM,5.498258,118.202431,27,0.22,8.1,24.1c,2,1.22,28,454,,
455SAT31,25/02/2012,4:04:37 PM,25/02/2012,8:04:37 AM,5.498431,118.202218,33,0.31,358,7.0cd,5,1.56,30,455,,
456SAT31,25/02/2012,8:04:37 PM,25/02/2012,12:04:37 PM,5.499848,118.204241,28.5,0.14,8.5,d15.3,4,3.33,274,456,,
457SAT31,26/02/2012,4:04:59 AM,25/02/2012,8:04:59 PM,5.498233,118.202746,26.5,0.02,0,22.1c,0,1.21,244,457,,
458SAT31,26/02/2012,4:04:37 PM,26/02/2012,8:04:37 AM,5.498555,118.202656,31,0.41,12,6.6cd,5,1.5,37,458,,
459SAT31,27/02/2012,12:04:37 AM,26/02/2012,4:04:37 PM,5.498132,118.20236,27.5,0.27,8.1,15.4c,5,0.92,57,459,,
460SAT31,27/02/2012,4:04:37 AM,26/02/2012,8:04:37 PM,5.500512,118.204793,27.5,0.39,344,17.3c,5,1.71,378,460,,
461SAT31,27/02/2012,8:04:53 AM,27/02/2012,12:04:53 AM,5.499603,118.204395,28.5,0.1,356,8.7cd,5,3.49,110,461,,
462SAT31,27/02/2012,4:04:37 PM,27/02/2012,8:04:37 AM,5.499901,118.204369,28.5,0.62,11,21.4c,0,3.68,33,462,,
463SAT31,27/02/2012,8:04:37 PM,27/02/2012,12:04:37 PM,5.498993,118.204026,28,0.99,345,60.0c,5,1.65,108,463,,
464SAT31,28/02/2012,12:06:23 AM,27/02/2012,4:06:23 PM,5.497503,118.20205,27.5,0.49,69,18.9c,5,3.62,275,464,,
465SAT31,28/02/2012,8:06:01 AM,28/02/2012,12:06:01 AM,5.499435,118.202711,27,0.02,354,d90.7,3,3.56,227,465,,
466SAT31,28/02/2012,8:05:01 PM,28/02/2012,12:05:01 PM,5.497288,118.203868,28,0.98,352,73.2c,0,2.21,271,466,,
467SAT31,29/02/2012,4:04:37 AM,28/02/2012,8:04:37 PM,5.496645,118.201533,27,0.42,343,5.9cd,0,1.15,268,467,,
468SAT31,29/02/2012,8:05:07 AM,29/02/2012,12:05:07 AM,5.486071,118.20021,27,3.48,197,14.6c,5,2.08,1186,468,,
469SAT31,01/03/2012,12:04:37 AM,29/02/2012,4:04:37 PM,5.499747,118.198239,28,1.16,317,8.6cd,5,7.62,1538,469,,
470SAT31,01/03/2012,4:04:37 AM,29/02/2012,8:04:37 PM,5.507595,118.200074,28,2.43,333,40.4c,5,6.5,897,470,,
471SAT31,01/03/2012,12:05:05 PM,01/03/2012,4:05:05 AM,5.516192,118.209359,30.5,1.46,241,36.7c,0,1.75,1405,471,,
472SAT31,01/03/2012,4:05:23 PM,01/03/2012,8:05:23 AM,5.519037,118.214314,31,0.28,352,32.1c,5,4.27,634,472,,
473SAT31,02/03/2012,12:05:05 AM,01/03/2012,4:05:05 PM,5.516938,118.219248,29,0.64,341,37.1c,0,6.23,595,473,,
474SAT31,02/03/2012,8:05:29 AM,02/03/2012,12:05:29 AM,5.516298,118.22078,28,0.37,199,19.6c,2,2.17,184,474,,
475SAT31,02/03/2012,4:05:00 PM,02/03/2012,8:05:00 AM,5.514146,118.228728,29,0,713,5f975,1,0,913,475,,
476SAT31,02/03/2012,4:05:59 PM,02/03/2012,8:05:59 AM,5.514145,118.228728,31,0.27,288,19.6c,5,9.85,0,476,,
477SAT31,03/03/2012,8:05:53 PM,03/03/2012,12:05:53 PM,5.485811,118.282252,30.5,0.31,344,12.0c,4,3.26,6717,477,,
478SAT31,04/03/2012,12:06:05 AM,03/03/2012,4:06:05 PM,5.489004,118.280702,30,0.11,46,11.1c,5,2.57,395,478,,
479SAT31,04/03/2012,4:04:37 AM,03/03/2012,8:04:37 PM,5.490693,118.280516,29.5,1.47,336,67.6c,5,6.85,189,479,,
480SAT31,04/03/2012,8:08:00 AM,04/03/2012,12:08:00 AM,5.491363,118.279286,31,0,713,5f975,5,0,155,480,,
481SAT31,04/03/2012,4:05:35 PM,04/03/2012,8:05:35 AM,5.505165,118.273886,29.5,2.38,321,60.9c,5,2.54,1649,481,,
482SAT31,04/03/2012,8:05:05 PM,04/03/2012,12:05:05 PM,5.510195,118.275903,29.5,0.1,2.8,60.4c,5,2.14,603,482,,
483SAT31,05/03/2012,12:05:05 AM,04/03/2012,4:05:05 PM,5.507344,118.277228,29.5,4.89,35,29.3c,4,4.37,350,483,,
484SAT31,05/03/2012,4:06:35 PM,05/03/2012,8:06:35 AM,5.491951,118.277469,30,0.76,110,21.2c,1,3.87,1714,484,,
485SAT31,06/03/2012,12:05:55 AM,05/03/2012,4:05:55 PM,5.490171,118.28804,29.5,0.25,41,20.8c,2,2.16,1188,485,,
486SAT31,06/03/2012,4:04:00 AM,05/03/2012,8:04:00 PM,5.495571,118.286303,29,0,713,57975,5,0,631,486,,
487SAT31,06/03/2012,4:04:37 AM,05/03/2012,8:04:37 PM,5.495571,118.286302,28.5,0.28,351,20.7c,5,1.06,0,487,,
488SAT31,06/03/2012,8:06:05 PM,06/03/2012,12:06:05 PM,5.517933,118.313399,29.5,4.88,177,19.1c,0,2.17,3900,488,,
489SAT31,07/03/2012,12:05:01 AM,06/03/2012,4:05:01 PM,5.522098,118.313132,29,0.72,11,46.6c,5,3.62,465,489,,
490SAT31,07/03/2012,4:05:05 AM,06/03/2012,8:05:05 PM,5.522971,118.312578,29,0.99,1.1,31.4c,5,1.4,115,490,,
491SAT31,07/03/2012,8:07:23 AM,07/03/2012,12:07:23 AM,5.525075,118.315244,29,1.31,129,29.3c,1,1.27,377,491,,
492SAT31,07/03/2012,4:06:05 PM,07/03/2012,8:06:05 AM,5.547783,118.316597,31.5,0.06,20,28.6c,5,3.52,2532,492,,
493SAT31,07/03/2012,8:04:37 PM,07/03/2012,12:04:37 PM,5.558555,118.332036,29,0.23,359,15.6c,5,1.49,2089,493,,
494SAT31,08/03/2012,12:05:31 AM,07/03/2012,4:05:31 PM,5.558908,118.330581,29,3.28,3,5.0cd,5,3.35,166,494,,
495SAT31,08/03/2012,8:07:00 AM,08/03/2012,12:07:00 AM,5.560074,118.324916,31,0,713,5f975,4,0,641,495,,
496SAT31,08/03/2012,8:07:00 AM,08/03/2012,12:07:00 AM,5.560074,118.324916,30.5,0,713,57975,5,0,0,496,,
497SAT31,08/03/2012,8:07:05 AM,08/03/2012,12:07:05 AM,5.560074,118.324916,28.5,0.62,69,20.3c,4,2.72,0,497,,
498SAT31,08/03/2012,8:07:59 PM,08/03/2012,12:07:59 PM,5.552789,118.319372,30,2.11,281,17.8c,5,3.81,1017,498,,
499SAT31,09/03/2012,12:06:53 AM,08/03/2012,4:06:53 PM,5.546166,118.310795,29,0.01,265,16.8c,1,3.97,1203,499,,
500SAT31,09/03/2012,4:06:29 AM,08/03/2012,8:06:29 PM,5.547412,118.311845,28.5,1.39,358,16.5c,5,6.42,181,500,,
501SAT31,09/03/2012,8:06:35 AM,09/03/2012,12:06:35 AM,5.546212,118.307875,28.5,0.14,324,21.5c,0,3.45,460,501,,
502SAT31,09/03/2012,8:04:37 PM,09/03/2012,12:04:37 PM,5.534978,118.285625,29.5,0.31,2.3,0.3cd,5,3.28,2764,502,,
503SAT31,10/03/2012,8:06:38 AM,10/03/2012,12:06:38 AM,5.541875,118.304848,29,0.35,195,d84.3,3,4.94,2264,503,,
504SAT31,10/03/2012,8:04:53 PM,10/03/2012,12:04:53 PM,5.547932,118.313201,30,0.03,128,12.3c,0,2.5,1145,504,,
505SAT31,11/03/2012,8:07:00 AM,11/03/2012,12:07:00 AM,5.556209,118.311751,31.5,0,713,5f975,3,0,935,505,,
506SAT31,11/03/2012,8:07:38 AM,11/03/2012,12:07:38 AM,5.556208,118.31175,28.5,0.69,60,31.6c,5,1.9,0,506,,
507SAT31,11/03/2012,8:04:53 PM,11/03/2012,12:04:53 PM,5.544399,118.310264,29.5,0.36,4.6,25.9c,5,2.21,1325,507,,
508SAT31,12/03/2012,8:06:07 AM,12/03/2012,12:06:07 AM,5.559011,118.314387,28.5,0.6,3,27.5c,1,2.18,1689,508,,
509SAT31,13/03/2012,4:06:23 AM,12/03/2012,8:06:23 PM,5.565212,118.318539,29,0.34,356,6.2cd,1,1.46,830,509,,
510SAT31,13/03/2012,4:05:29 PM,13/03/2012,8:05:29 AM,5.562043,118.319674,30.5,5.34,162,7.2cd,3,2.51,374,510,,
511SAT31,14/03/2012,8:06:00 AM,14/03/2012,12:06:00 AM,5.573688,118.323873,32.5,0,713,57975,5,0,1377,511,,
512SAT31,14/03/2012,8:06:59 AM,14/03/2012,12:06:59 AM,5.573687,118.323873,28.5,0.68,23,d12.2,0,3.21,0,512,,
513SAT31,14/03/2012,8:04:37 PM,14/03/2012,12:04:37 PM,5.579531,118.313996,30,1.18,22,9.2cd,4,2.85,1273,513,,
514SAT31,15/03/2012,12:04:37 AM,14/03/2012,4:04:37 PM,5.580235,118.319136,27.5,1.68,19,14.4c,5,1.17,575,514,,
515SAT31,15/03/2012,4:04:37 AM,14/03/2012,8:04:37 PM,5.586268,118.327781,27.5,0.4,3.5,d2.3c,2,1.61,1170,515,,
516SAT31,15/03/2012,4:04:37 AM,14/03/2012,8:04:37 PM,5.586268,118.327781,27.5,0.4,3.5,d2.3c,2,1.61,0,516,,
517SAT31,16/03/2012,4:05:59 AM,15/03/2012,8:05:59 PM,5.557919,118.33613,28,2.12,239,5.5cd,4,2.48,3289,517,,
518SAT31,16/03/2012,8:04:37 PM,16/03/2012,12:04:37 PM,5.557155,118.339395,31,0.46,8.8,10.6c,5,3.04,372,518,,
519SAT31,17/03/2012,8:06:23 AM,17/03/2012,12:06:23 AM,5.562952,118.332997,29.5,0.84,172,3.3cd,3,2.82,959,519,,
520SAT31,17/03/2012,8:04:37 PM,17/03/2012,12:04:37 PM,5.542788,118.31155,30,0.55,31,9.7cd,5,22.8,3269,520,,
521SAT31,18/03/2012,4:08:05 AM,17/03/2012,8:08:05 PM,5.539171,118.306792,29,1.58,162,8.2cd,3,9.63,663,521,,
522SAT31,18/03/2012,4:06:53 PM,18/03/2012,8:06:53 AM,5.52359,118.297995,33.5,0.09,11,6.5cd,0,2.08,1990,522,,
523SAT31,18/03/2012,8:04:37 PM,18/03/2012,12:04:37 PM,5.513454,118.304282,30,1.16,13,d1.8c,5,4.65,1326,523,,
524SAT31,19/03/2012,12:04:37 AM,18/03/2012,4:04:37 PM,5.511154,118.304924,29,0.72,12,32.3c,5,0.92,266,524,,
525SAT31,19/03/2012,8:04:37 PM,19/03/2012,12:04:37 PM,5.505293,118.27767,29.5,0.05,0,8.3cd,5,1.66,3089,525,,
526SAT31,20/03/2012,12:05:29 AM,19/03/2012,4:05:29 PM,5.506037,118.278289,29.5,0.8,184,7.2cd,5,4.99,108,526,,
527SAT31,20/03/2012,4:06:00 AM,19/03/2012,8:06:00 PM,5.506179,118.278389,29.5,0,713,5f975,5,0,19,527,,
528SAT31,20/03/2012,12:06:35 PM,20/03/2012,4:06:35 AM,5.502314,118.284287,32.5,0.19,6.7,16.1c,4,2.21,782,528,,
529SAT31,20/03/2012,4:05:29 PM,20/03/2012,8:05:29 AM,5.495829,118.283104,32.5,1.36,160,15.0c,5,4.48,734,529,,
530SAT31,21/03/2012,12:04:37 AM,20/03/2012,4:04:37 PM,5.495821,118.282679,30,0.54,352,d8.9c,3,2.4,47,530,,
531SAT31,21/03/2012,4:04:59 AM,20/03/2012,8:04:59 PM,5.497144,118.284415,29,0.08,0,d9.2c,0,3.15,242,531,,
532SAT31,21/03/2012,12:07:23 PM,21/03/2012,4:07:23 AM,5.496818,118.301168,32,1.77,0.2,d14.3,1,5.59,1857,532,,
533SAT31,21/03/2012,4:05:25 PM,21/03/2012,8:05:25 AM,5.47797,118.30384,31.5,1.4,239,11.3c,5,2.56,2119,533,,
534SAT31,21/03/2012,8:05:01 PM,21/03/2012,12:05:01 PM,5.459945,118.296537,30,0.51,140,7.0cd,5,8.92,2164,534,,
535SAT31,22/03/2012,12:04:37 AM,21/03/2012,4:04:37 PM,5.466242,118.2936,29.5,0.78,42,37.5c,5,5.92,773,535,,
536SAT31,22/03/2012,4:05:05 AM,21/03/2012,8:05:05 PM,5.466962,118.293549,29,0.22,256,33.2c,0,5.45,80,536,,
537SAT31,22/03/2012,8:05:59 PM,22/03/2012,12:05:59 PM,5.453395,118.280814,31,16.7,134,14.4c,5,5.79,2067,537,,
538SAT31,23/03/2012,12:05:29 AM,22/03/2012,4:05:29 PM,5.454847,118.280117,29.5,0.73,275,d8.7c,5,3.45,179,538,,
539SAT31,23/03/2012,8:05:00 AM,23/03/2012,12:05:00 AM,5.464848,118.244528,31,0,713,57975,4,0,4098,539,,
540SAT31,23/03/2012,8:05:53 AM,23/03/2012,12:05:53 AM,5.464848,118.244527,28,0.06,49,d6.5c,3,1.4,0,540,,
541SAT31,23/03/2012,4:05:59 PM,23/03/2012,8:05:59 AM,5.472897,118.240261,32,1.33,341,d7.1c,0,1.94,1013,541,,
542SAT31,23/03/2012,8:04:37 PM,23/03/2012,12:04:37 PM,5.471315,118.238456,30.5,0.52,12,24.1c,5,1.88,267,542,,
543SAT31,24/03/2012,12:06:29 AM,23/03/2012,4:06:29 PM,5.471716,118.239563,28.5,0.58,32,23.8c,0,3.7,131,543,,
544SAT31,24/03/2012,12:05:07 PM,24/03/2012,4:05:07 AM,5.485529,118.244041,29.5,1.62,350,5.4cd,0,2.01,1616,544,,
545SAT31,24/03/2012,4:04:37 PM,24/03/2012,8:04:37 AM,5.48572,118.233075,31.5,0.47,349,28.3c,5,2.94,1215,545,,
546SAT31,24/03/2012,8:05:29 PM,24/03/2012,12:05:29 PM,5.485294,118.227638,29.5,1.43,350,27.8c,5,6.37,604,546,,
547SAT31,25/03/2012,12:04:37 AM,24/03/2012,4:04:37 PM,5.486213,118.226228,29,0.04,359,22.5c,5,1.63,187,547,,
548SAT31,25/03/2012,4:04:37 AM,24/03/2012,8:04:37 PM,5.485456,118.226707,28.5,1.07,354,24.3c,2,2.01,100,548,,
549SAT31,25/03/2012,12:05:59 PM,25/03/2012,4:05:59 AM,5.478665,118.219762,33,4.29,74,d5.7c,3,8.14,1079,549,,
550SAT31,25/03/2012,8:08:05 PM,25/03/2012,12:08:05 PM,5.47508,118.219276,31,2.87,173,d4.5c,5,1.33,403,550,,
551SAT31,26/03/2012,12:04:37 AM,25/03/2012,4:04:37 PM,5.476627,118.221801,27.5,0.08,347,2.4cd,5,2.79,329,551,,
552SAT31,26/03/2012,4:04:59 AM,25/03/2012,8:04:59 PM,5.476444,118.221084,27.5,0.76,35,14.6c,5,1.96,82,552,,
553SAT31,26/03/2012,8:06:37 AM,26/03/2012,12:06:37 AM,5.476629,118.220364,27.5,0.88,9.8,1.9cd,3,3.16,82,553,,
554SAT31,26/03/2012,12:05:59 PM,26/03/2012,4:05:59 AM,5.4753,118.216801,31,1.81,91,d0.8c,5,14.8,422,554,,
555SAT31,26/03/2012,4:06:59 PM,26/03/2012,8:06:59 AM,5.476233,118.221069,33,0.39,84,d1.7c,3,6.22,484,555,,
556SAT31,26/03/2012,8:04:37 PM,26/03/2012,12:04:37 PM,5.476047,118.215663,30,0.45,338,d1.7c,5,2.8,599,556,,
557SAT31,27/03/2012,12:06:35 AM,26/03/2012,4:06:35 PM,5.47473,118.219051,29.5,0.01,203,d1.6c,4,8.71,403,557,,
558SAT31,27/03/2012,4:05:53 AM,26/03/2012,8:05:53 PM,5.475658,118.219488,28.5,4.19,247,d2.7c,3,2.01,114,558,,
559SAT31,27/03/2012,8:04:00 AM,27/03/2012,12:04:00 AM,5.478656,118.221358,34,0,713,5f975,5,0,393,559,,
560SAT31,27/03/2012,8:04:59 AM,27/03/2012,12:04:59 AM,5.478656,118.221357,28.5,1.04,102,3.7cd,4,3.17,0,560,,
561SAT31,27/03/2012,4:04:37 PM,27/03/2012,8:04:37 AM,5.472934,118.215431,30,1.1,344,30.4c,5,6.32,915,561,,
562SAT31,28/03/2012,12:04:37 AM,27/03/2012,4:04:37 PM,5.484563,118.21412,28.5,1.46,7.8,14.4c,5,4.53,1303,562,,
563SAT31,28/03/2012,4:05:01 AM,27/03/2012,8:05:01 PM,5.487766,118.210754,28.5,0.75,10,d34.1,1,11.8,516,563,,
564SAT31,28/03/2012,8:05:08 AM,28/03/2012,12:05:08 AM,5.480602,118.20354,28.5,3.39,285,d8.7c,5,13.1,1129,564,,
565SAT31,28/03/2012,4:05:23 PM,28/03/2012,8:05:23 AM,5.48283,118.203031,30,0.06,122,0.8cd,3,5.18,254,565,,
566SAT31,28/03/2012,8:04:37 PM,28/03/2012,12:04:37 PM,5.495091,118.207356,28.5,0.69,355,10.1c,5,2.94,1447,566,,
567SAT31,29/03/2012,12:06:05 AM,28/03/2012,4:06:05 PM,5.493957,118.207475,29.5,0.24,306,7.5cd,5,2.05,127,567,,
568SAT31,29/03/2012,4:05:35 AM,28/03/2012,8:05:35 PM,5.48316,118.202489,28.5,0.77,2.9,7.0cd,5,2.01,1323,568,,
569SAT31,29/03/2012,8:07:05 AM,29/03/2012,12:07:05 AM,5.478287,118.202308,28.5,0.12,156,6.1cd,5,4.35,543,569,,
570SAT31,29/03/2012,12:06:53 PM,29/03/2012,4:06:53 AM,5.476613,118.204071,33,3.51,277,5.1cd,0,2.14,270,570,,
571SAT31,29/03/2012,4:05:35 PM,29/03/2012,8:05:35 AM,5.483823,118.202138,33.5,0.22,145,43.4c,5,2.73,831,571,,
572SAT31,29/03/2012,8:04:00 PM,29/03/2012,12:04:00 PM,5.493699,118.204023,28,0,713,5f975,5,0,1119,572,,
573SAT31,29/03/2012,8:04:37 PM,29/03/2012,12:04:37 PM,5.4937,118.204023,28,0.22,352,15.7c,5,1.28,0,573,,
574SAT31,30/03/2012,4:05:29 AM,29/03/2012,8:05:29 PM,5.485618,118.203182,28,0.19,327,15.0c,5,4.27,904,574,,
575SAT31,30/03/2012,12:06:00 PM,30/03/2012,4:06:00 AM,5.477616,118.206943,33.5,0,713,5f975,4,0,983,575,,
576SAT31,30/03/2012,8:04:37 PM,30/03/2012,12:04:37 PM,5.483861,118.222736,29.5,0.29,349,d4.1c,5,1.57,1883,576,,
577SAT31,31/03/2012,12:05:31 AM,30/03/2012,4:05:31 PM,5.484012,118.221971,29,0.47,169,14.4c,2,1.95,86,577,,
578SAT31,31/03/2012,4:07:29 AM,30/03/2012,8:07:29 PM,5.485249,118.220786,30,1.9,43,14.1c,0,3.18,190,578,,
579SAT31,31/03/2012,8:06:05 AM,31/03/2012,12:06:05 AM,5.482622,118.217064,29.5,1.44,21,1.9cd,5,4.31,505,579,,
580SAT31,31/03/2012,12:06:00 PM,31/03/2012,4:06:00 AM,5.473899,118.210034,33.5,0,713,5f975,3,0,1245,580,,
581SAT31,31/03/2012,8:04:37 PM,31/03/2012,12:04:37 PM,5.485468,118.223946,29,0.19,4.1,16.4c,5,1.33,2009,581,,
582SAT31,01/04/2012,12:04:37 AM,31/03/2012,4:04:37 PM,5.484978,118.223699,27.5,0.84,10,16.3c,3,4.6,61,582,,
583SAT31,01/04/2012,4:05:35 AM,31/03/2012,8:05:35 PM,5.487342,118.22303,27.5,0.01,30,13.2c,5,4.59,273,583,,
584SAT31,01/04/2012,4:05:35 AM,31/03/2012,8:05:35 PM,5.487342,118.22303,27.5,0.01,30,13.2c,5,4.59,0,584,,
585SAT31,01/04/2012,12:05:25 PM,01/04/2012,4:05:25 AM,5.470523,118.207799,31,1.15,21,27.3c,5,2.25,2521,585,,
586SAT31,01/04/2012,4:04:37 PM,01/04/2012,8:04:37 AM,5.473879,118.199715,34,1.82,4.6,17.4c,5,3.33,971,586,,
587SAT31,02/04/2012,4:05:23 AM,01/04/2012,8:05:23 PM,5.456289,118.182956,28,0.02,0,d11.3,2,3.59,2699,587,,
588SAT31,02/04/2012,8:05:00 AM,02/04/2012,12:05:00 AM,5.459608,118.178119,31.5,0,713,5f975,0,0,651,588,,
589SAT31,02/04/2012,4:05:37 PM,02/04/2012,8:05:37 AM,5.459151,118.156466,32,0.65,0.2,39.9c,5,4.26,2400,589,,
590SAT31,02/04/2012,8:05:35 PM,02/04/2012,12:05:35 PM,5.469649,118.15566,31,0.08,194,37.4c,5,8.68,1172,590,,
591SAT31,03/04/2012,8:05:59 AM,03/04/2012,12:05:59 AM,5.465805,118.139447,29,3.47,120,d49.0,3,9.56,1847,591,,
592SAT31,03/04/2012,12:05:00 PM,03/04/2012,4:05:00 AM,5.472593,118.131241,31.5,0,713,5f975,2,0,1182,592,,
593SAT31,04/04/2012,12:06:37 PM,04/04/2012,4:06:37 AM,5.465681,118.139182,33,0.77,349,40.7c,5,2.52,1169,593,,
594SAT31,04/04/2012,4:05:59 PM,04/04/2012,8:05:59 AM,5.461005,118.142035,32.5,1.09,5.4,41.6c,3,8.63,609,594,,
595SAT31,05/04/2012,4:05:05 AM,04/04/2012,8:05:05 PM,5.466787,118.138346,28,0.03,294,11.6c,1,2.68,762,595,,
596SAT31,05/04/2012,4:06:01 PM,05/04/2012,8:06:01 AM,5.46145,118.141398,30.5,1.53,356,2.5cd,5,5.29,684,596,,
597SAT31,07/04/2012,12:05:23 PM,07/04/2012,4:05:23 AM,5.470912,118.153555,33,2.79,1.2,d21.9,0,2.26,1710,597,,
598SAT31,08/04/2012,4:07:00 AM,07/04/2012,8:07:00 PM,5.461119,118.186341,28,0,713,5f975,4,0,3793,598,,
599SAT31,10/04/2012,8:05:29 AM,10/04/2012,12:05:29 AM,5.469184,118.191497,28.5,0.1,311,d1.8c,3,2.45,1064,599,,
600SAT31,11/04/2012,12:04:37 AM,10/04/2012,4:04:37 PM,5.495186,118.201571,28.5,0.41,9.9,3.6cd,5,1.27,3102,600,,
601SAT31,11/04/2012,8:08:05 AM,11/04/2012,12:08:05 AM,5.470706,118.204255,29,1.68,109,2.2cd,2,3.2,2741,601,,
602SAT31,11/04/2012,12:04:59 PM,11/04/2012,4:04:59 AM,5.46524,118.203278,32.5,0.25,328,6.1cd,0,3.49,618,602,,
603SAT31,11/04/2012,4:04:37 PM,11/04/2012,8:04:37 AM,5.460484,118.198082,31,0.37,357,30.5c,5,2,782,603,,
604SAT31,12/04/2012,12:04:59 AM,11/04/2012,4:04:59 PM,5.455018,118.198865,28.5,0.03,28,24.7c,5,1.65,615,604,,
605SAT31,12/04/2012,4:04:37 PM,12/04/2012,8:04:37 AM,5.460213,118.19832,29,0.6,353,12.2c,5,1.57,581,605,,
606SAT31,13/04/2012,8:05:00 AM,13/04/2012,12:05:00 AM,5.451288,118.204086,30.5,0,713,5f975,1,0,1181,606,,
607SAT31,13/04/2012,8:05:05 AM,13/04/2012,12:05:05 AM,5.451287,118.204086,28,0.11,139,10.0c,0,2.89,0,607,,
608SAT31,14/04/2012,12:06:07 AM,13/04/2012,4:06:07 PM,5.447786,118.205958,29,1.21,17,76.6c,5,3.86,441,608,,
609SAT31,14/04/2012,4:06:05 AM,13/04/2012,8:06:05 PM,5.451146,118.20383,28.5,0.02,59,75.3c,5,1.47,442,609,,
610SAT31,14/04/2012,8:06:00 AM,14/04/2012,12:06:00 AM,5.460001,118.202933,33,0,713,5f975,4,0,991,610,,
611SAT31,14/04/2012,8:06:05 AM,14/04/2012,12:06:05 AM,5.46,118.202933,28.5,0.22,27,74.9c,4,2.92,0,611,,
612SAT31,14/04/2012,4:04:59 PM,14/04/2012,8:04:59 AM,5.483803,118.231484,29.5,1.05,125,71.5c,4,2.64,4127,612,,
613SAT31,15/04/2012,12:07:35 AM,14/04/2012,4:07:35 PM,5.47396,118.24684,29,0.24,342,27.1c,5,1.97,2024,613,,
614SAT31,15/04/2012,12:06:23 PM,15/04/2012,4:06:23 AM,5.480725,118.253357,31,1.66,270,24.3c,1,4.34,1043,614,,
615SAT31,15/04/2012,4:06:53 PM,15/04/2012,8:06:53 AM,5.487254,118.260122,31,0.3,96,23.4c,5,2.69,1044,615,,
616SAT31,15/04/2012,8:05:01 PM,15/04/2012,12:05:01 PM,5.491425,118.264909,30,0.65,9.3,1.1cd,5,4.47,705,616,,
617SAT31,16/04/2012,12:07:59 PM,16/04/2012,4:07:59 AM,5.492454,118.278589,32.5,0.1,8.8,59.2c,0,2.77,1520,617,,
618SAT31,16/04/2012,4:07:05 PM,16/04/2012,8:07:05 AM,5.492255,118.272586,29.5,0.16,266,58.9c,0,3.83,666,618,,
619SAT31,17/04/2012,12:05:59 AM,16/04/2012,4:05:59 PM,5.494539,118.268826,29,0.8,16,57.5c,5,1.54,488,619,,
620SAT31,17/04/2012,8:07:05 AM,17/04/2012,12:07:05 AM,5.494718,118.267025,28.5,2.86,244,45.3c,5,2.04,201,620,,
621SAT31,17/04/2012,12:05:07 PM,17/04/2012,4:05:07 AM,5.495443,118.269647,31,1.09,10,d30.4,3,2.62,302,621,,
622SAT31,17/04/2012,4:05:00 PM,17/04/2012,8:05:00 AM,5.495321,118.271138,30,0,713,5f975,1,0,166,622,,
623SAT31,17/04/2012,4:05:29 PM,17/04/2012,8:05:29 AM,5.495321,118.271137,32.5,0.23,50,d32.3,4,2.06,0,623,,
624SAT31,18/04/2012,12:05:01 AM,17/04/2012,4:05:01 PM,5.49901,118.276375,29.5,0.82,359,38.9c,2,2.27,711,624,,
625SAT31,18/04/2012,4:05:05 AM,17/04/2012,8:05:05 PM,5.499863,118.274518,29,0.85,39,40.5c,2,4.74,227,625,,
626SAT31,18/04/2012,12:06:29 PM,18/04/2012,4:06:29 AM,5.504069,118.267255,33,0.64,8.1,40.2c,2,3.24,931,626,,
627SAT31,18/04/2012,4:06:53 PM,18/04/2012,8:06:53 AM,5.508439,118.263845,32,2.24,105,43.8c,5,4.11,616,627,,
628SAT31,18/04/2012,8:04:37 PM,18/04/2012,12:04:37 PM,5.51062,118.26286,29.5,0.35,2.1,30.8c,5,6.41,266,628,,
629SAT31,19/04/2012,12:07:07 AM,18/04/2012,4:07:07 PM,5.502235,118.264023,29.5,0.9,341,45.6c,2,1.79,942,629,,
630SAT31,19/04/2012,4:07:53 PM,19/04/2012,8:07:53 AM,5.500374,118.256525,31,10.6,326,d17.9,5,3.08,856,630,,
631SAT31,20/04/2012,4:05:23 AM,19/04/2012,8:05:23 PM,5.498138,118.255153,28,0.86,258,d19.6,3,9.16,292,631,,
632SAT31,20/04/2012,8:06:23 AM,20/04/2012,12:06:23 AM,5.492818,118.25828,28.5,0.6,353,d12.0,5,3.44,686,632,,
633SAT31,20/04/2012,4:04:37 PM,20/04/2012,8:04:37 AM,5.492303,118.266439,31,0.27,349,16.9c,5,1.13,906,633,,
634SAT31,20/04/2012,8:05:01 PM,20/04/2012,12:05:01 PM,5.492957,118.266019,30,0.27,19,26.1c,5,2.2,86,634,,
635SAT31,21/04/2012,12:04:37 AM,20/04/2012,4:04:37 PM,5.491928,118.265769,28.5,0.3,353,14.7c,5,2.23,118,635,,
636SAT31,21/04/2012,4:05:53 AM,20/04/2012,8:05:53 PM,5.490294,118.268458,29,2.46,108,14.4c,5,3.18,349,636,,
637SAT31,21/04/2012,8:05:37 AM,21/04/2012,12:05:37 AM,5.489364,118.268127,29,0.42,3.9,72.6c,5,2.13,110,637,,
638SAT31,21/04/2012,12:06:35 PM,21/04/2012,4:06:35 AM,5.483086,118.257345,32.5,1.32,143,9.3cd,5,1.88,1384,638,,
639SAT31,21/04/2012,4:05:05 PM,21/04/2012,8:05:05 AM,5.48233,118.25889,30.5,0.01,328,8.3cd,2,3.33,191,639,,
640SAT31,22/04/2012,12:05:00 AM,21/04/2012,4:05:00 PM,5.483764,118.260313,29,0,713,5f975,2,0,224,640,,
641SAT31,22/04/2012,8:05:05 AM,22/04/2012,12:05:05 AM,5.481461,118.257751,28.5,0.02,354,5.4cd,0,1.59,383,641,,
642SAT31,22/04/2012,12:07:00 PM,22/04/2012,4:07:00 AM,5.476161,118.258968,30.5,0,0,5f975,4,0,605,642,,
643SAT31,23/04/2012,8:07:23 AM,23/04/2012,12:07:23 AM,5.475024,118.263348,28.5,0.07,337,2.1cd,3,1.51,502,643,,
644SAT31,23/04/2012,4:04:37 PM,23/04/2012,8:04:37 AM,5.478789,118.269824,30.5,0.1,344,20.4c,5,1.68,831,644,,
645SAT31,23/04/2012,8:05:05 PM,23/04/2012,12:05:05 PM,5.47874,118.269839,29,0,0,13.9c,5,1.3,6,645,,
646SAT31,24/04/2012,4:06:54 AM,23/04/2012,8:06:54 PM,5.476435,118.263829,28.5,2.5,134,13.2c,5,2.11,714,646,,
647SAT31,24/04/2012,4:05:36 PM,24/04/2012,8:05:36 AM,5.473202,118.266905,32.5,2.2,42,100.8,3,3.04,496,647,,
648SAT31,24/04/2012,8:04:37 PM,24/04/2012,12:04:37 PM,5.478871,118.269862,30,0.63,354,41.6c,5,2.43,711,648,,
649SAT31,25/04/2012,4:07:23 PM,25/04/2012,8:07:23 AM,5.481036,118.246245,28.5,0.32,72,d65.0,5,3.44,2628,649,,
650SAT31,26/04/2012,4:04:39 AM,25/04/2012,8:04:39 PM,5.488766,118.232934,27.5,0.31,358,d54.1,3,2.51,1708,650,,
651SAT31,26/04/2012,8:05:07 AM,26/04/2012,12:05:07 AM,5.490979,118.230287,27.5,0.91,3.6,d1.0c,1,3.43,383,651,,
652SAT31,26/04/2012,12:04:37 PM,26/04/2012,4:04:37 AM,5.489912,118.228631,30.5,0.31,0.8,41.0c,5,7.07,219,652,,
653SAT31,27/04/2012,4:08:05 AM,26/04/2012,8:08:05 PM,5.48574,118.239387,29,0.12,55,23.9c,3,2.09,1279,653,,
654SAT31,27/04/2012,8:05:07 AM,27/04/2012,12:05:07 AM,5.485791,118.247906,28.5,0.03,15,20.3c,0,1.64,944,654,,
655SAT31,27/04/2012,4:07:08 PM,27/04/2012,8:07:08 AM,5.488289,118.25614,32.5,0.47,347,d31.7,4,2.49,954,655,,
656SAT31,28/04/2012,4:05:25 PM,28/04/2012,8:05:25 AM,5.494258,118.281817,32,0.63,29,42.3c,5,2.66,2922,656,,
657SAT31,28/04/2012,8:04:37 PM,28/04/2012,12:04:37 PM,5.491147,118.287384,31,0.51,356,5.0cd,5,4.34,707,657,,
658SAT31,29/04/2012,4:04:37 PM,29/04/2012,8:04:37 AM,5.490753,118.288014,32.5,0.76,33,22.7c,5,1.65,82,658,,
659SAT31,29/04/2012,8:04:37 PM,29/04/2012,12:04:37 PM,5.490993,118.290172,29,1.54,320,54.1c,5,6.31,241,659,,
660SAT31,30/04/2012,12:04:37 AM,29/04/2012,4:04:37 PM,5.490752,118.291076,28,0.23,3.8,20.9c,0,2.01,104,660,,
661SAT31,30/04/2012,4:04:37 AM,29/04/2012,8:04:37 PM,5.490713,118.289807,27.5,1.43,357,d27.6,5,7.35,141,661,,
662SAT31,01/05/2012,12:04:53 AM,30/04/2012,4:04:53 PM,5.49499,118.286939,28,2.08,5,14.4c,4,2.2,572,662,,
663SAT31,01/05/2012,4:08:05 AM,30/04/2012,8:08:05 PM,5.495416,118.284475,29,2.13,227,13.0c,1,3.19,277,663,,
664SAT31,01/05/2012,4:05:07 PM,01/05/2012,8:05:07 AM,5.503781,118.308339,28.5,1.74,354,29.2c,5,2.52,2803,664,,
665SAT31,02/05/2012,12:05:07 AM,01/05/2012,4:05:07 PM,5.510252,118.30937,28,0.47,340,73.7c,1,1.86,729,665,,
666SAT31,02/05/2012,8:06:37 AM,02/05/2012,12:06:37 AM,5.510369,118.312835,28,0.81,355,49.8c,0,3.76,384,666,,
667SAT31,02/05/2012,4:05:35 PM,02/05/2012,8:05:35 AM,5.517805,118.315854,31.5,0.31,211,46.0c,5,2.02,893,667,,
668SAT31,03/05/2012,4:06:05 AM,02/05/2012,8:06:05 PM,5.533946,118.319562,28.5,0.86,339,37.6c,1,2.23,1843,668,,
669SAT31,03/05/2012,8:05:05 AM,03/05/2012,12:05:05 AM,5.53156,118.316907,28,0.97,345,30.7c,5,5.93,396,669,,
670SAT31,03/05/2012,8:05:23 PM,03/05/2012,12:05:23 PM,5.559794,118.340309,30,0.01,313,27.5c,3,2.53,4074,670,,
671SAT31,04/05/2012,12:04:37 AM,03/05/2012,4:04:37 PM,5.560294,118.344754,28,0.95,10,4.4cd,5,5.94,496,671,,
672SAT31,04/05/2012,4:04:00 AM,03/05/2012,8:04:00 PM,5.561083,118.340674,29,0,713,5f975,2,0,460,672,,
673SAT31,04/05/2012,4:04:37 AM,03/05/2012,8:04:37 PM,5.561083,118.340673,27.5,1.09,0.9,10.2c,5,3.68,0,673,,
674SAT31,04/05/2012,12:05:07 PM,04/05/2012,4:05:07 AM,5.550825,118.326232,33,0.28,354,25.2c,1,4.04,1966,674,,
675SAT31,04/05/2012,4:06:53 PM,04/05/2012,8:06:53 AM,5.556894,118.341264,30.5,1.59,345,21.9c,5,2.81,1797,675,,
676SAT31,04/05/2012,8:04:37 PM,04/05/2012,12:04:37 PM,5.560473,118.343557,29,0.63,13,16.8c,5,1.56,473,676,,
677SAT31,05/05/2012,12:04:55 AM,04/05/2012,4:04:55 PM,5.560498,118.344295,28,0.52,16,3.2cd,5,1.85,82,677,,
678SAT31,05/05/2012,4:04:37 AM,04/05/2012,8:04:37 PM,5.557443,118.341643,27.5,0.7,340,15.4c,5,2.51,449,678,,
679SAT31,05/05/2012,12:05:00 PM,05/05/2012,4:05:00 AM,5.549581,118.327878,33,0,713,5f975,5,0,1758,679,,
680SAT31,05/05/2012,8:04:59 PM,05/05/2012,12:04:59 PM,5.563613,118.340572,30,0.63,287,52.2c,4,2.5,2102,680,,
681SAT31,06/05/2012,12:05:32 AM,05/05/2012,4:05:32 PM,5.563784,118.343445,29.5,1.47,25,22.8c,5,2.02,319,681,,
682SAT31,06/05/2012,4:04:37 AM,05/05/2012,8:04:37 PM,5.567781,118.342555,28.5,0.33,357,10.3c,5,0.99,456,682,,
683SAT31,06/05/2012,8:05:05 AM,06/05/2012,12:05:05 AM,5.552473,118.330378,28.5,0.62,330,35.1c,3,2.96,2174,683,,
684SAT31,06/05/2012,12:05:35 PM,06/05/2012,4:05:35 AM,5.552401,118.334199,31,0.07,296,33.3c,5,2.37,423,684,,
685SAT31,06/05/2012,4:05:29 PM,06/05/2012,8:05:29 AM,5.562151,118.338563,30.5,0.09,119,29.7c,5,5.49,1188,685,,
686SAT31,06/05/2012,8:04:53 PM,06/05/2012,12:04:53 PM,5.562565,118.338433,28.5,1.89,117,23.6c,4,2.93,48,686,,
687SAT31,07/05/2012,12:04:37 AM,06/05/2012,4:04:37 PM,5.566575,118.336773,28,0.81,1.6,11.7c,5,2.43,483,687,,
688SAT31,07/05/2012,4:05:35 AM,06/05/2012,8:05:35 PM,5.563639,118.337332,28,0.04,304,25.3c,0,5.41,333,688,,
689SAT31,07/05/2012,8:07:53 AM,07/05/2012,12:07:53 AM,5.567021,118.331485,28.5,1.07,76,24.7c,0,4.24,749,689,,
690SAT31,07/05/2012,12:05:29 PM,07/05/2012,4:05:29 AM,5.570541,118.329503,31,2.6,22,24.9c,4,4.64,449,690,,
691SAT31,07/05/2012,4:05:59 PM,07/05/2012,8:05:59 AM,5.567958,118.331491,30.5,1.49,26,24.1c,5,2.92,362,691,,
692SAT31,07/05/2012,8:04:37 PM,07/05/2012,12:04:37 PM,5.596909,118.320895,29.5,1.76,340,13.7c,5,3.92,3430,692,,
693SAT31,08/05/2012,12:04:37 AM,07/05/2012,4:04:37 PM,5.604407,118.325815,28,0.42,357,6.3cd,5,5.58,997,693,,
694SAT31,08/05/2012,4:04:37 AM,07/05/2012,8:04:37 PM,5.603999,118.324974,27.5,1.35,16,13.2c,5,9.22,104,694,,
695SAT31,08/05/2012,12:07:29 PM,08/05/2012,4:07:29 AM,5.610283,118.345612,31,3.46,292,13.4c,0,3.09,2391,695,,
696SAT31,08/05/2012,4:05:53 PM,08/05/2012,8:05:53 AM,5.621089,118.348789,30.5,0.42,316,13.3c,5,3.97,1253,696,,
697SAT31,08/05/2012,8:04:37 PM,08/05/2012,12:04:37 PM,5.621532,118.362343,29.5,0.4,338,13.7c,5,2.71,1502,697,,
698SAT31,09/05/2012,12:04:37 AM,08/05/2012,4:04:37 PM,5.621819,118.363487,28,0.13,346,7.4cd,5,1.3,131,698,,
699SAT31,09/05/2012,4:07:29 AM,08/05/2012,8:07:29 PM,5.623276,118.362539,28.5,1.65,321,9.6cd,5,3.12,193,699,,
700SAT31,09/05/2012,8:05:59 AM,09/05/2012,12:05:59 AM,5.622874,118.36084,29,1.14,187,10.4c,5,9.12,193,700,,
701SAT31,09/05/2012,12:05:35 PM,09/05/2012,4:05:35 AM,5.620712,118.358568,31.5,1.59,27,6.6cd,0,7.84,348,701,,
702SAT31,09/05/2012,4:07:35 PM,09/05/2012,8:07:35 AM,5.622629,118.365023,34.5,1.43,25,6.2cd,1,4.22,746,702,,
703SAT31,09/05/2012,8:04:37 PM,09/05/2012,12:04:37 PM,5.632908,118.370465,29,0.34,5.1,28.6c,4,2.6,1293,703,,
704SAT31,10/05/2012,12:06:59 AM,09/05/2012,4:06:59 PM,5.633105,118.369458,28.5,1.01,41,31.1c,3,2.09,114,704,,
705SAT31,10/05/2012,12:05:29 PM,10/05/2012,4:05:29 AM,5.648786,118.370392,31,2.72,54,26.6c,5,3.68,1749,705,,
706SAT31,10/05/2012,4:05:31 PM,10/05/2012,8:05:31 AM,5.65691,118.376148,34.5,0.87,2.5,8.2cd,1,4.3,1106,706,,
707SAT31,10/05/2012,8:04:37 PM,10/05/2012,12:04:37 PM,5.656968,118.375683,29.5,0.24,349,8.8cd,5,4.06,52,707,,
708SAT31,11/05/2012,12:05:05 AM,10/05/2012,4:05:05 PM,5.656033,118.377274,29,1.37,12,12.9c,5,1.41,205,708,,
709SAT31,11/05/2012,4:05:53 AM,10/05/2012,8:05:53 PM,5.654181,118.386482,28.5,0.51,7.9,11.7c,1,1.21,1041,709,,
710SAT31,11/05/2012,8:05:35 AM,11/05/2012,12:05:35 AM,5.656346,118.389456,29,0.06,32,10.9c,5,8.37,408,710,,
711SAT31,11/05/2012,12:07:00 PM,11/05/2012,4:07:00 AM,5.666541,118.386861,34,0,713,5f975,0,0,1171,711,,
712SAT31,11/05/2012,12:07:59 PM,11/05/2012,4:07:59 AM,5.66654,118.386861,32.5,0.07,188,9.8cd,0,2.47,0,712,,
713SAT31,11/05/2012,8:06:05 PM,11/05/2012,12:06:05 PM,5.672229,118.39283,31,1.05,11,6.0cd,5,2.57,916,713,,
714SAT31,12/05/2012,4:07:53 AM,11/05/2012,8:07:53 PM,5.670679,118.395573,29,0,348,3.6cd,5,1.45,349,714,,
715SAT31,12/05/2012,12:06:23 PM,12/05/2012,4:06:23 AM,5.667147,118.403566,33,0.17,177,43.3c,5,2.38,969,715,,
716SAT31,12/05/2012,8:04:55 PM,12/05/2012,12:04:55 PM,5.684211,118.394101,31,0.35,3.9,5.4cd,2,1.58,2170,716,,
717SAT31,13/05/2012,12:04:37 AM,12/05/2012,4:04:37 PM,5.68155,118.391819,30,0.68,347,10.6c,5,1.1,389,717,,
718SAT31,13/05/2012,8:08:05 AM,13/05/2012,12:08:05 AM,5.670793,118.391969,30.5,0.17,294,7.9cd,5,2.48,1198,718,,
719SAT31,13/05/2012,12:05:35 PM,13/05/2012,4:05:35 AM,5.671644,118.39225,33,2.11,42,17.1c,3,1.32,100,719,,
720SAT31,13/05/2012,4:06:05 PM,13/05/2012,8:06:05 AM,5.65723,118.380156,32,1.13,18,18.0c,5,5.87,2090,720,,
721SAT31,14/05/2012,12:07:05 PM,14/05/2012,4:07:05 AM,5.658053,118.366966,30.5,1.3,157,11.1c,3,6.1,1464,721,,
722SAT31,14/05/2012,8:04:55 PM,14/05/2012,12:04:55 PM,5.660748,118.372612,30,1.54,355,45.7c,3,5,694,722,,
723SAT31,15/05/2012,12:05:07 AM,14/05/2012,4:05:07 PM,5.659851,118.37586,29.5,0.86,7,d6.7c,4,5.11,373,723,,
724SAT31,15/05/2012,4:05:00 AM,14/05/2012,8:05:00 PM,5.659944,118.376433,29,0,713,5f975,2,0,64,724,,
725SAT31,15/05/2012,12:06:29 PM,15/05/2012,4:06:29 AM,5.645861,118.3612,33.5,0.23,72,3.4cd,2,2.15,2303,725,,
726SAT31,15/05/2012,4:04:37 PM,15/05/2012,8:04:37 AM,5.638395,118.355618,32.5,0.15,12,13.5c,5,3.22,1036,726,,
727SAT31,15/05/2012,8:04:53 PM,15/05/2012,12:04:53 PM,5.633212,118.371403,28.5,2.37,354,16.2c,5,5.79,1841,727,,
728SAT31,16/05/2012,12:05:23 AM,15/05/2012,4:05:23 PM,5.618622,118.360458,28.5,0.13,359,10.8c,3,5.78,2027,728,,
729SAT31,16/05/2012,4:07:00 AM,15/05/2012,8:07:00 PM,5.618638,118.358826,29,0,713,5f975,0,0,181,729,,
730SAT31,16/05/2012,12:08:05 PM,16/05/2012,4:08:05 AM,5.614329,118.370169,33.5,0.04,155,8.0cd,5,1.91,1345,730,,
731SAT31,16/05/2012,8:04:00 PM,16/05/2012,12:04:00 PM,5.604278,118.373534,30,0,713,5f975,3,0,1179,731,,
732SAT31,16/05/2012,8:04:37 PM,16/05/2012,12:04:37 PM,5.604277,118.373535,30.5,2.79,2.7,14.3c,5,2.38,0,732,,
733SAT31,17/05/2012,4:05:23 AM,16/05/2012,8:05:23 PM,5.616854,118.353892,29,0.35,323,4.9cd,5,3.7,2588,733,,
734SAT31,17/05/2012,8:04:59 AM,17/05/2012,12:04:59 AM,5.609699,118.351072,29,1.1,220,5.3cd,5,1.98,856,734,,
735SAT31,17/05/2012,8:04:53 PM,17/05/2012,12:04:53 PM,5.590597,118.339898,29.5,1.35,26,0.2cd,5,2.24,2460,735,,
736SAT31,18/05/2012,12:06:07 AM,17/05/2012,4:06:07 PM,5.60367,118.332894,28.5,1.6,0.7,18.6c,5,2.01,1649,736,,
737SAT31,18/05/2012,4:05:35 AM,17/05/2012,8:05:35 PM,5.604187,118.332577,27.5,0.62,272,17.9c,4,5.28,67,737,,
738SAT31,18/05/2012,12:05:05 PM,18/05/2012,4:05:05 AM,5.602801,118.33214,32.5,0.17,237,10.6c,3,1.73,162,738,,
739SAT31,18/05/2012,8:04:37 PM,18/05/2012,12:04:37 PM,5.583438,118.331599,30,0.74,340,15.3c,5,1.71,2156,739,,
740SAT31,19/05/2012,12:05:53 AM,18/05/2012,4:05:53 PM,5.590321,118.328287,29,0.11,337,15.2c,5,3.85,849,740,,
741SAT31,19/05/2012,4:05:53 AM,18/05/2012,8:05:53 PM,5.593118,118.327409,28.5,1.8,343,13.5c,3,3.5,326,741,,
742SAT31,20/05/2012,12:04:37 AM,19/05/2012,4:04:37 PM,5.59029,118.328354,29,0.58,5.4,3.0cd,5,3.66,332,742,,
743SAT31,20/05/2012,4:05:31 AM,19/05/2012,8:05:31 PM,5.591444,118.327998,29.5,0.12,356,6.7cd,3,1.76,134,743,,
744SAT31,20/05/2012,8:04:37 PM,20/05/2012,12:04:37 PM,5.585304,118.330571,30.5,2.28,42,11.9c,5,2.5,741,744,,
745SAT31,21/05/2012,12:06:23 AM,20/05/2012,4:06:23 PM,5.57839,118.33187,29.5,0.13,335,12.6c,1,2.4,783,745,,
746SAT31,21/05/2012,4:04:37 AM,20/05/2012,8:04:37 PM,5.580257,118.331541,29.5,0.64,32,26.4c,0,1.44,211,746,,
747SAT31,21/05/2012,8:06:05 AM,21/05/2012,12:06:05 AM,5.581119,118.332283,30,0.13,331,9.6cd,5,2.19,126,747,,
748SAT31,21/05/2012,4:04:37 PM,21/05/2012,8:04:37 AM,5.587891,118.330368,28.5,0.28,340,0.5cd,5,3.78,783,748,,
749SAT31,21/05/2012,8:04:55 PM,21/05/2012,12:04:55 PM,5.576199,118.336868,28.5,0.27,2.2,d7.8c,5,3.96,1488,749,,
750SAT31,22/05/2012,4:04:37 AM,21/05/2012,8:04:37 PM,5.571404,118.334887,28,1.98,22,4.6cd,1,1.58,577,750,,
751SAT31,22/05/2012,8:06:29 PM,22/05/2012,12:06:29 PM,5.555806,118.324613,31,0.07,184,0.5cd,1,1.31,2076,751,,
752SAT31,23/05/2012,4:05:00 AM,22/05/2012,8:05:00 PM,5.553061,118.322104,28,0,713,5f975,2,0,413,752,,
753SAT31,23/05/2012,4:05:01 AM,22/05/2012,8:05:01 PM,5.553061,118.322104,28,1.11,1.7,12.6c,0,2.51,0,753,,
754SAT31,23/05/2012,12:07:42 PM,23/05/2012,4:07:42 AM,5.548803,118.314077,32,4.09,53,8.6cd,4,11.7,1008,754,,
755SAT31,24/05/2012,12:04:59 AM,23/05/2012,4:04:59 PM,5.57649,118.271516,29.5,0.96,131,43.0c,2,12.6,5633,755,,
756SAT31,24/05/2012,4:04:37 AM,23/05/2012,8:04:37 PM,5.577627,118.271228,29.5,0.07,13,49.6c,5,1.48,130,756,,
757SAT31,24/05/2012,8:04:55 AM,24/05/2012,12:04:55 AM,5.577675,118.27175,30,0.35,324,44.1c,3,1.14,58,757,,
758SAT31,24/05/2012,12:04:37 PM,24/05/2012,4:04:37 AM,5.577624,118.271833,34.5,0.05,352,52.8c,5,1.93,11,758,,
759SAT31,24/05/2012,4:04:37 PM,24/05/2012,8:04:37 AM,5.576953,118.271074,34.5,0.29,18,70.6c,3,4.18,112,759,,
760SAT31,24/05/2012,8:04:59 PM,24/05/2012,12:04:59 PM,5.581854,118.272682,30,0.15,340,68.7c,4,8.06,574,760,,
761SAT31,25/05/2012,12:05:01 AM,24/05/2012,4:05:01 PM,5.581057,118.277577,28,0.46,0.3,43.3c,5,2.61,550,761,,
762SAT31,25/05/2012,4:04:53 AM,24/05/2012,8:04:53 PM,5.580943,118.278566,27.5,0.08,343,38.7c,4,1.39,110,762,,
763SAT31,25/05/2012,8:05:25 AM,25/05/2012,12:05:25 AM,5.560037,118.28931,28.5,0.27,27,29.9c,5,1.7,2614,763,,
764SAT31,25/05/2012,4:04:59 PM,25/05/2012,8:04:59 AM,5.563205,118.289757,31.5,3.68,101,52.1c,3,12.3,356,764,,
765SAT31,25/05/2012,8:05:53 PM,25/05/2012,12:05:53 PM,5.570606,118.289847,30,2.8,314,50.5c,4,4,824,765,,
766SAT31,26/05/2012,12:06:35 AM,25/05/2012,4:06:35 PM,5.57716,118.287216,29,2.44,219,49.6c,5,2.77,786,766,,
767SAT31,26/05/2012,4:04:55 AM,25/05/2012,8:04:55 PM,5.577917,118.276992,29,0.33,10,55.4c,1,2.13,1136,767,,
768SAT31,26/05/2012,8:05:23 AM,26/05/2012,12:05:23 AM,5.577808,118.27176,28.5,2.19,261,52.2c,3,1.89,580,768,,
769SAT31,26/05/2012,12:05:05 PM,26/05/2012,4:05:05 AM,5.581094,118.277608,32,0.1,264,54.0c,5,1.81,744,769,,
770SAT31,26/05/2012,4:05:01 PM,26/05/2012,8:05:01 AM,5.581354,118.277656,34,0.44,351,39.9c,5,2.41,29,770,,
771SAT31,26/05/2012,8:04:55 PM,26/05/2012,12:04:55 PM,5.581912,118.279804,30.5,2.05,95,d7.2c,5,6.58,246,771,,
772SAT31,27/05/2012,4:04:37 AM,26/05/2012,8:04:37 PM,5.578835,118.28115,28,0.16,333,24.0c,5,3.39,374,772,,
773SAT31,27/05/2012,4:06:05 PM,27/05/2012,8:06:05 AM,5.565334,118.290099,31.5,0.23,336,23.5c,5,3.2,1801,773,,
774SAT31,27/05/2012,8:04:37 PM,27/05/2012,12:04:37 PM,5.572222,118.288966,29.5,0.11,1.4,5.2cd,5,1.96,777,774,,
775SAT31,28/05/2012,12:05:05 AM,27/05/2012,4:05:05 PM,5.580646,118.275151,28.5,0.39,345,32.4c,5,2,1795,775,,
776SAT31,28/05/2012,4:05:35 AM,27/05/2012,8:05:35 PM,5.579239,118.271474,29,17.7,320,21.5c,3,2.81,436,776,,
777SAT31,28/05/2012,8:06:00 AM,28/05/2012,12:06:00 AM,5.575501,118.281866,33,0,713,5f975,2,0,1224,777,,
778SAT31,28/05/2012,8:06:29 AM,28/05/2012,12:06:29 AM,5.5755,118.281866,29,5.55,171,19.4c,3,2.16,0,778,,
779SAT31,28/05/2012,4:05:01 PM,28/05/2012,8:05:01 AM,5.57718,118.275591,33.5,0.64,4.6,18.1c,1,6.33,720,779,,
780SAT31,28/05/2012,8:04:37 PM,28/05/2012,12:04:37 PM,5.564209,118.286561,30,0.87,0,d5.2c,2,4.02,1887,780,,
781SAT31,29/05/2012,12:04:00 AM,28/05/2012,4:04:00 PM,5.562073,118.286191,29,0,713,5f975,5,0,241,781,,
782SAT31,29/05/2012,12:04:00 AM,28/05/2012,4:04:00 PM,5.562073,118.286191,28,0,713,5f975,5,0,0,782,,
783SAT31,29/05/2012,12:04:37 AM,28/05/2012,4:04:37 PM,5.562072,118.286191,28.5,0.5,1.5,13.8c,3,6.55,0,783,,
784SAT31,29/05/2012,12:04:37 PM,29/05/2012,4:04:37 AM,5.562479,118.290985,34,0.7,350,113.4,1,8.48,533,784,,
785SAT31,29/05/2012,8:04:53 PM,29/05/2012,12:04:53 PM,5.572335,118.284367,30,0.23,343,15.1c,5,4.66,1320,785,,
786SAT31,30/05/2012,12:05:05 AM,29/05/2012,4:05:05 PM,5.578655,118.284572,28.5,0.18,286,13.5c,3,2.56,704,786,,
787SAT31,30/05/2012,4:04:59 AM,29/05/2012,8:04:59 PM,5.577551,118.283807,28.5,0.07,80,11.8c,5,6.2,149,787,,
788SAT31,30/05/2012,8:05:29 AM,30/05/2012,12:05:29 AM,5.561984,118.289225,28.5,2.49,137,31.7c,5,3.99,1834,788,,
789SAT31,30/05/2012,4:07:29 PM,30/05/2012,8:07:29 AM,5.564822,118.29246,33,0.97,342,29.9c,3,1.95,478,789,,
790SAT31,30/05/2012,8:05:23 PM,30/05/2012,12:05:23 PM,5.568138,118.286326,29.5,0.03,162,29.0c,3,2.13,773,790,,
791SAT31,31/05/2012,12:05:07 AM,30/05/2012,4:05:07 PM,5.572595,118.289015,29,1.7,81,18.9c,5,5.76,579,791,,
792SAT31,31/05/2012,4:04:00 AM,30/05/2012,8:04:00 PM,5.573188,118.278941,29.5,0,713,5f975,0,0,1118,792,,
793SAT31,31/05/2012,4:04:59 AM,30/05/2012,8:04:59 PM,5.573188,118.278941,29,1.86,348,40.1c,5,6.82,0,793,,
794SAT31,31/05/2012,4:08:05 PM,31/05/2012,8:08:05 AM,5.55991,118.289846,31,12.5,4.4,33.0c,5,2.39,1909,794,,
795SAT31,31/05/2012,8:05:29 PM,31/05/2012,12:05:29 PM,5.564976,118.292117,29.5,12.7,186,33.2c,0,3.77,618,795,,
796SAT31,01/06/2012,12:07:53 AM,31/05/2012,4:07:53 PM,5.570201,118.297547,29,0.18,249,32.4c,3,2.4,837,796,,
797SAT31,01/06/2012,8:06:29 AM,01/06/2012,12:06:29 AM,5.569455,118.299352,29,0.97,355,29.2c,0,2.49,217,797,,
798SAT31,01/06/2012,12:05:23 PM,01/06/2012,4:05:23 AM,5.570803,118.300161,30.5,2.73,79,29.2c,3,3.41,175,798,,
799SAT31,01/06/2012,4:05:59 PM,01/06/2012,8:05:59 AM,5.574382,118.301176,31.5,3.93,151,28.4c,3,4.68,414,799,,
800SAT31,02/06/2012,12:04:00 AM,01/06/2012,4:04:00 PM,5.570823,118.297098,29.5,0,713,5f975,0,0,601,800,,
801SAT31,02/06/2012,4:08:05 PM,02/06/2012,8:08:05 AM,5.569096,118.29673,32,2.73,111,21.3c,1,2.98,196,801,,
802SAT31,02/06/2012,8:06:29 PM,02/06/2012,12:06:29 PM,5.568725,118.295695,31,0.58,341,50.7c,5,1.94,122,802,,
803SAT31,03/06/2012,4:07:35 AM,02/06/2012,8:07:35 PM,5.571829,118.300313,29,2.23,59,29.2c,4,1.39,617,803,,
804SAT31,03/06/2012,8:04:00 PM,03/06/2012,12:04:00 PM,5.580496,118.314691,29.5,0,713,57975,5,0,1862,804,,
805SAT31,03/06/2012,8:04:37 PM,03/06/2012,12:04:37 PM,5.580496,118.31469,30,0.74,11,6.9cd,2,1.34,0,805,,
806SAT31,04/06/2012,8:06:29 AM,04/06/2012,12:06:29 AM,5.576829,118.329379,29.5,0.03,37,8.6cd,0,2.07,1678,806,,
807SAT31,04/06/2012,12:04:59 PM,04/06/2012,4:04:59 AM,5.560539,118.331637,33,0.39,26,13.0c,5,2.2,1831,807,,
808SAT31,04/06/2012,4:06:35 PM,04/06/2012,8:06:35 AM,5.551063,118.319316,32.5,5.38,96,36.4c,2,5.58,1725,808,,
809SAT31,05/06/2012,12:06:35 AM,04/06/2012,4:06:35 PM,5.548519,118.312393,30,0.05,188,32.7c,0,1.26,818,809,,
810SAT31,05/06/2012,4:06:01 PM,05/06/2012,8:06:01 AM,5.550118,118.307714,31.5,1.02,346,d32.5,0,6.15,548,810,,
811SAT31,05/06/2012,8:05:23 PM,05/06/2012,12:05:23 PM,5.546457,118.287328,30.5,0.32,255,d33.2,3,2.07,2295,811,,
812SAT31,06/06/2012,12:04:37 AM,05/06/2012,4:04:37 PM,5.547881,118.281401,29,0.3,350,4.2cd,4,1.97,676,812,,
813SAT31,06/06/2012,4:04:37 AM,05/06/2012,8:04:37 PM,5.542533,118.285924,28.5,0.63,336,13.4c,5,2.47,778,813,,
814SAT31,06/06/2012,4:05:07 PM,06/06/2012,8:05:07 AM,5.541126,118.289039,31,0.14,11,103.1,2,2.22,379,814,,
815SAT31,06/06/2012,8:05:59 PM,06/06/2012,12:05:59 PM,5.54479,118.287344,30.5,2.56,83,73.8c,4,1.87,449,815,,
816SAT31,07/06/2012,12:06:59 AM,06/06/2012,4:06:59 PM,5.540566,118.288029,29.5,1.73,314,73.5c,2,2.22,476,816,,
817SAT31,07/06/2012,8:05:00 AM,07/06/2012,12:05:00 AM,5.544789,118.290324,29.5,0,713,5f975,1,0,534,817,,
818SAT31,07/06/2012,8:05:00 AM,07/06/2012,12:05:00 AM,5.544789,118.290324,30.5,0,713,5f975,0,0,0,818,,
819SAT31,07/06/2012,8:05:00 AM,07/06/2012,12:05:00 AM,5.544789,118.290324,28,0,713,5f975,1,0,0,819,,
820SAT31,07/06/2012,8:05:35 AM,07/06/2012,12:05:35 AM,5.544789,118.290325,28,0.22,25,71.2c,1,2,0,820,,
821SAT31,10/06/2012,4:04:00 AM,09/06/2012,8:04:00 PM,5.559388,118.285653,26.5,0,713,57975,0,0,1706,821,,
822SAT31,10/06/2012,4:04:07 AM,09/06/2012,8:04:07 PM,5.559388,118.285652,27.5,0.41,4.2,54.3c,5,2.62,0,822,,
823SAT31,12/06/2012,4:04:00 AM,11/06/2012,8:04:00 PM,5.561564,118.286974,29,0,713,5f975,1,0,283,823,,
824SAT31,13/06/2012,4:08:00 PM,13/06/2012,8:08:00 AM,5.558391,118.285049,28,0,713,57975,2,0,413,824,,
825SAT31,16/06/2012,4:07:05 AM,15/06/2012,8:07:05 PM,5.551473,118.25703,28.5,0.84,219,56.9c,4,2.71,3198,825,,
826SAT31,17/06/2012,4:04:37 AM,16/06/2012,8:04:37 PM,5.533727,118.259363,27.5,0.59,352,3.7cd,4,2.05,1992,826,,
827SAT31,17/06/2012,10:08:00 PM,17/06/2012,2:08:00 PM,5.532874,118.258613,28.5,0,713,57975,1,0,126,827,,
828SAT31,18/06/2012,4:05:00 AM,17/06/2012,8:05:00 PM,5.532014,118.258929,32,0,713,5f975,5,0,102,828,,
829SAT31,18/06/2012,4:05:00 AM,17/06/2012,8:05:00 PM,5.532014,118.258929,28.5,0,713,5f975,4,0,0,829,,
830SAT31,18/06/2012,4:05:53 AM,17/06/2012,8:05:53 PM,5.532014,118.25893,28,0.64,102,0.2cd,0,6.25,0,830,,
831SAT31,18/06/2012,4:06:05 PM,18/06/2012,8:06:05 AM,5.531695,118.260281,34,1.75,355,12.8c,0,2.92,154,831,,
832SAT31,19/06/2012,12:05:48 AM,18/06/2012,4:05:48 PM,5.535731,118.257402,29,0.8,232,5.6cd,5,5.2,551,832,,
833SAT31,19/06/2012,2:05:00 PM,19/06/2012,6:05:00 AM,5.536799,118.260551,30.5,0,713,57975,5,0,369,833,,
834SAT31,20/06/2012,2:06:01 AM,19/06/2012,6:06:01 PM,5.534051,118.259538,30,2.41,356,18.6c,5,3.25,326,834,,
835SAT31,20/06/2012,4:05:00 AM,19/06/2012,8:05:00 PM,5.533901,118.258534,32.5,0,713,5f975,1,0,112,835,,
836SAT31,20/06/2012,8:08:00 PM,20/06/2012,12:08:00 PM,5.535606,118.257569,29.5,0,713,5f975,0,0,218,836,,
837SAT31,21/06/2012,4:06:00 AM,20/06/2012,8:06:00 PM,5.535608,118.257538,30,0,713,5f975,0,0,4,837,,
838SAT31,22/06/2012,12:06:23 AM,21/06/2012,4:06:23 PM,5.523117,118.251641,31,0.17,351,d1.0c,5,1.59,1536,838,,
839SAT31,22/06/2012,6:06:50 PM,22/06/2012,10:06:50 AM,5.524393,118.250639,33,1.61,35,d4.0c,3,4.53,180,839,,
840SAT31,22/06/2012,10:07:23 PM,22/06/2012,2:07:23 PM,5.524134,118.25054,30,0.19,190,d5.1c,1,2.13,31,840,,
841SAT31,23/06/2012,4:06:37 PM,23/06/2012,8:06:37 AM,5.525217,118.251265,34.5,0.54,13,21.3c,5,2.67,145,841,,
842SAT31,23/06/2012,8:04:55 PM,23/06/2012,12:04:55 PM,5.52552,118.250618,30,0.82,357,3.4cd,4,2.01,79,842,,
843SAT31,23/06/2012,10:06:35 PM,23/06/2012,2:06:35 PM,5.524374,118.249929,29.5,0.61,353,0.2cd,1,2.12,149,843,,
844SAT31,24/06/2012,8:05:59 PM,24/06/2012,12:05:59 PM,5.522747,118.25369,27.5,0.57,65,1.6cd,3,1.72,454,844,,
845SAT31,25/06/2012,8:05:05 PM,25/06/2012,12:05:05 PM,5.518875,118.264208,31,1.12,43,37.7c,1,7.64,1243,845,,
846SAT31,26/06/2012,4:05:16 AM,25/06/2012,8:05:16 PM,5.522251,118.255075,28.5,0.2,44,29.4c,2,1.57,1079,846,,
847SAT31,30/06/2012,12:06:35 AM,29/06/2012,4:06:35 PM,5.520934,118.257043,29,0.67,341,13.8c,1,1.39,263,847,,
848SAT31,30/06/2012,4:06:35 AM,29/06/2012,8:06:35 PM,5.52228,118.256215,28.5,2.74,309,13.7c,0,1.57,176,848,,
849SAT31,01/07/2012,8:07:28 PM,01/07/2012,12:07:28 PM,5.521336,118.255848,29.5,3.03,13,5.6cd,1,1.34,113,849,,
850SAT31,01/07/2012,10:05:36 PM,01/07/2012,2:05:36 PM,5.521896,118.256092,28.5,1.23,29,7.8cd,0,2.4,68,850,,
851SAT31,02/07/2012,6:06:05 AM,01/07/2012,10:06:05 PM,5.523439,118.256811,27.5,2.69,330,5.2cd,5,5.4,189,851,,
852SAT31,03/07/2012,12:05:19 AM,02/07/2012,4:05:19 PM,5.521848,118.256251,29.5,1.61,296,4.0cd,5,2.38,188,852,,
853SAT31,04/07/2012,10:06:58 PM,04/07/2012,2:06:58 PM,5.527879,118.25999,30,3.93,56,d5.8c,2,1.7,789,853,,
854SAT31,06/07/2012,2:06:04 AM,05/07/2012,6:06:04 PM,5.522279,118.255626,28.5,0.49,295,16.9c,0,3.44,789,854,,
855SAT31,07/07/2012,4:07:04 PM,07/07/2012,8:07:04 AM,5.517285,118.26853,32,0.65,330,19.8c,5,3.39,1534,855,,
856SAT31,07/07/2012,6:06:36 PM,07/07/2012,10:06:36 AM,5.517097,118.267966,30.5,0.08,10,19.1c,3,2.32,66,856,,
857SAT31,08/07/2012,12:06:34 AM,07/07/2012,4:06:34 PM,5.516917,118.266218,27.5,2.31,333,16.6c,0,3.04,195,857,,
858SAT31,08/07/2012,4:06:52 AM,07/07/2012,8:06:52 PM,5.516941,118.266716,30,0.33,332,15.5c,1,3.68,55,858,,
859SAT31,08/07/2012,8:05:13 PM,08/07/2012,12:05:13 PM,5.516993,118.265842,30.5,1.38,187,55.2c,5,2.11,97,859,,
860SAT31,08/07/2012,10:07:28 PM,08/07/2012,2:07:28 PM,5.517121,118.268072,30,1.07,120,53.8c,3,2.33,248,860,,
861SAT31,09/07/2012,2:07:34 PM,09/07/2012,6:07:34 AM,5.521914,118.272567,31,1,75,52.9c,4,2.31,730,861,,
862SAT31,11/07/2012,2:07:04 PM,11/07/2012,6:07:04 AM,5.517446,118.269811,31,0.69,292,63.2c,1,2.54,584,862,,
863SAT31,11/07/2012,8:07:28 PM,11/07/2012,12:07:28 PM,5.517427,118.27013,30,3.22,274,61.5c,0,2.5,35,863,,
864SAT31,12/07/2012,12:07:52 PM,12/07/2012,4:07:52 AM,5.51793,118.270039,30.5,0.13,0,6.2cd,5,1.94,57,864,,
865SAT31,12/07/2012,4:06:41 PM,12/07/2012,8:06:41 AM,5.518448,118.270772,30.5,0.97,57,4.5cd,3,3.8,100,865,,
866SAT31,12/07/2012,6:07:04 PM,12/07/2012,10:07:04 AM,5.519165,118.27083,30,2.3,285,4.1cd,4,2.17,80,866,,
867SAT31,12/07/2012,10:06:04 PM,12/07/2012,2:06:04 PM,5.518962,118.270694,29,0.61,306,2.3cd,0,3.52,27,867,,
868SAT31,13/07/2012,6:07:10 PM,13/07/2012,10:07:10 AM,5.516785,118.270435,31,0.19,286,14.5c,3,4.25,244,868,,
869SAT31,14/07/2012,6:07:23 AM,13/07/2012,10:07:23 PM,5.520392,118.272001,28,4.29,180,29.6c,0,9.82,437,869,,
870SAT31,18/07/2012,6:04:43 AM,17/07/2012,10:04:43 PM,5.522412,118.257301,27,1.08,316,d8.4c,3,2.32,1644,870,,
871SAT31,18/07/2012,2:06:28 PM,18/07/2012,6:06:28 AM,5.522248,118.251286,30.5,0.22,297,d11.7,3,2.79,667,871,,
872SAT31,18/07/2012,4:04:34 PM,18/07/2012,8:04:34 AM,5.522647,118.254001,30.5,0.67,357,16.7c,0,6.48,304,872,,
873SAT31,18/07/2012,6:04:36 PM,18/07/2012,10:04:36 AM,5.518099,118.254931,29,1.47,6.5,33.3c,2,2.71,517,873,,
874SAT31,18/07/2012,8:04:50 PM,18/07/2012,12:04:50 PM,5.516408,118.251495,27.5,0.05,48,20.4c,1,4.16,425,874,,
875SAT31,18/07/2012,10:04:36 PM,18/07/2012,2:04:36 PM,5.5223,118.251142,27.5,1.12,332,d4.9c,0,2.29,657,875,,
876SAT31,19/07/2012,12:04:36 AM,18/07/2012,4:04:36 PM,5.522433,118.255019,27,0.41,324,25.9c,3,3.44,430,876,,
877SAT31,19/07/2012,4:07:52 PM,19/07/2012,8:07:52 AM,5.531916,118.256801,33,0.01,0,d0.8c,1,2.01,1074,877,,
878SAT31,19/07/2012,8:05:29 PM,19/07/2012,12:05:29 PM,5.536252,118.260352,28,1.15,19,4.1cd,3,19.3,623,878,,
879SAT31,20/07/2012,8:05:43 AM,20/07/2012,12:05:43 AM,5.529878,118.260415,26.5,0.02,0,4.2cd,4,11,710,879,,
880SAT31,21/07/2012,2:05:04 AM,20/07/2012,6:05:04 PM,5.520976,118.262475,27,0.31,25,16.0c,4,1.55,1017,880,,
881SAT31,21/07/2012,8:06:04 AM,21/07/2012,12:06:04 AM,5.515387,118.270932,27.5,3.11,101,d8.9c,2,2.32,1125,881,,
882SAT31,21/07/2012,6:05:06 PM,21/07/2012,10:05:06 AM,5.515086,118.271363,30.5,2.46,31,20.2c,5,1.83,58,882,,
883SAT31,21/07/2012,10:05:27 PM,21/07/2012,2:05:27 PM,5.515448,118.270951,28.5,0.49,359,31.0c,1,13.2,61,883,,
884SAT31,22/07/2012,4:05:04 AM,21/07/2012,8:05:04 PM,5.515231,118.270986,27,0.39,38,28.7c,3,2.33,24,884,,
885SAT31,22/07/2012,2:05:06 PM,22/07/2012,6:05:06 AM,5.516705,118.271555,30.5,1.16,75,37.9c,2,2.7,176,885,,
886SAT31,22/07/2012,2:05:06 PM,22/07/2012,6:05:06 AM,5.516705,118.271555,30.5,1.16,0,37.9c,2,2.7,0,886,,
887SAT31,23/07/2012,12:04:54 AM,22/07/2012,4:04:54 PM,5.516493,118.27109,30,1.13,159,13.6c,5,3.54,57,887,,
888SAT31,23/07/2012,4:05:34 AM,22/07/2012,8:05:34 PM,5.515361,118.272185,27.5,0.73,333,11.0c,0,2.27,175,888,,
889SAT31,23/07/2012,8:06:28 AM,23/07/2012,12:06:28 AM,5.516532,118.272052,28.5,1.23,87,4.8cd,2,6.36,131,889,,
890SAT31,23/07/2012,4:04:49 PM,23/07/2012,8:04:49 AM,5.516941,118.271067,31,0.23,119,d0.6c,1,6.24,118,890,,
891SAT31,23/07/2012,10:04:36 PM,23/07/2012,2:04:36 PM,5.515703,118.272067,26.5,1.56,13,d2.9c,5,2.15,177,891,,
892SAT31,24/07/2012,12:04:50 AM,23/07/2012,4:04:50 PM,5.515267,118.272129,26.5,0.14,71,7.1cd,2,1.55,49,892,,
893SAT31,26/07/2012,8:06:28 PM,26/07/2012,12:06:28 PM,5.549731,118.315539,29.5,1.49,26,46.9c,1,1.53,6152,893,,
894SAT31,31/07/2012,4:07:04 AM,30/07/2012,8:07:04 PM,5.471781,118.130663,29.5,0,0,46.2c,4,1.74,22247,894,,
895SAT31,05/08/2012,10:05:34 PM,05/08/2012,2:05:34 PM,5.41299,117.985092,30.5,0.23,35,19.3c,2,2.06,17409,895,,
896SAT31,07/08/2012,10:06:58 PM,07/08/2012,2:06:58 PM,5.402053,117.98222,30.5,0.68,37,50.1c,0,2,1258,896,,
897SAT31,16/08/2012,8:03:24 PM,16/08/2012,12:03:24 PM,5.400964,118.017134,28.5,0.44,42,48.3c,4,1.94,3871,897,,
898SAT31,16/08/2012,10:05:00 PM,16/08/2012,2:05:00 PM,5.401318,118.016957,26.5,1.85,27,d9.9c,1,9.72,44,898,,
